result_index,product_title,product_id,score,query
1," Lansinoh 20265 Disposable Nursing Pads, 60-Count Boxes (Pack of 3)",1446,6.708870068021579,comfortable clothes
2," Seventh Generation Natural Laundry Detergent, Baby, Ultra-Concentrated Liquid, 50-Ounces Bottles (Pack of 6)",2622,6.559673310077099,comfortable clothes
3, Charlie's Soap Laundry Liquid - 1 Gal Jug - (128 Loads),503,6.4246625151826775,comfortable clothes
4, Household Essentials Hanging Cotton Canvas Laundry Hamper Bag,1270,6.132265235706047,comfortable clothes
5," Wellgate for Women Gel-Comfort Knee Support, 1 Size",3151,6.1318721089573005,comfortable clothes
6," All Small & Mighty, Triple Concentrated Liquid Laundry Detergent, Nine 32-Load Bottles (288-Loads)",99,6.116672602464715,comfortable clothes
7, Lansinoh Disposable Nursing Pads,1447,6.093843818803553,comfortable clothes
8, Cramer E6 Groin Hip Spica,627,6.062436792486456,comfortable clothes
9," Duro-Med Posture Corrector, White,",837,5.93781286032686,comfortable clothes
10, OTC Elastic Abdominal Binder,2058,5.873749702097266,comfortable clothes
11, Kleinert's - 24 (12 Pair) Disposable Underarm Dress Shields From Kleinert's From $4.79 to $24.99,1413,5.832113355719067,comfortable clothes
12, Futuro Stabilizing Back Support,1035,5.782076636371395,comfortable clothes
13, Underworks Posture Perfect Band,3043,5.714872589645806,comfortable clothes
14," Win High Performance Sport Liquid Detergent, Super Oxygenated Formula, 21-Ounce Bottles (Pack of 4)",3159,5.69889548257567,comfortable clothes
15," Seventh Generation Laundry Detergent, White Flower & Bergamot Citrus, Powder, 112-Ounce Boxes (Pack of 4)",2618,5.677916910880519,comfortable clothes
16," Seventh Generation Natural Fabric Softener, Blue Eucalyptus and Lavender Scent, Ultra-Concentrated, 40-Ounce Bottles (Pack of 6)",2620,5.64344709876954,comfortable clothes
17, Rit Sun Guard Laundry Treatment UV Protectant - si,2536,5.609279381837138,comfortable clothes
18," Mrs. Meyer's Clean Day Laundry Liquid Detergent, Lemon Verbena, 64-Ounce Bottles (Case of 6)",1722,5.591923013688422,comfortable clothes
19, Desolv It Citrus Solution 12.6oz,710,5.58185767485954,comfortable clothes
20, Perwoll Black Magic Laundry Soap 750 ml,2277,5.545203939042155,comfortable clothes
21," Dry Cleaner's Secret Woolite Dry Clean at Home, Quick & Easy Dry Cleaning Cloths",789,5.542397164708595,comfortable clothes
22," Seventh Generation Natural Laundry Detergent with Non-Chlorine Bleach, Free & Clear, Powder, 112-Ounce Boxes (Pack of 4)",2621,5.524553646292011,comfortable clothes
23, Tena Ultimate Pads,2897,5.497855216906793,comfortable clothes
24," Planet Ultra Powdered Laundry Detergent, 64-Ounce Boxes (Pack of 10)",2346,5.496150567442099,comfortable clothes
25," Seventh Generation Natural Laundry Detergent, Lavender Scented, Ultra-Concentrated Liquid, 100-Ounce Bottles (Pack of 4)",2624,5.486340446511748,comfortable clothes
26," Seventh Generation Natural Laundry Detergent, Free & Clear, Ultra-Concentrated Liquid, 150-Ounce Bottles (Pack of 3)",2623,5.479332704862769,comfortable clothes
27," Priva Waterproof Mealtime Protector, Blue Terry",2418,5.456792804247431,comfortable clothes
28," Mrs. Meyer's Clean Day Fabric Softener, 32-Ounce Bottles (Case of 6)",1721,5.420155262144513,comfortable clothes
29, Miele / Henkel ,1682,5.411933864334107,comfortable clothes
30, Jobst Relief PANTYHOSE - Firm Compression 20-30mmHg,1370,5.395824705907505,comfortable clothes
31, Crystal Body Deodorant Crystal Body Deodorant Stick,648,5.393970530348785,comfortable clothes
32," Planet Ultra Liquid Laundry Detergent, 100 Fluid-Ounce Bottles (Pack of 4)",2345,5.379021042417691,comfortable clothes
33, Thermoskin Lumbar Support in Beige,2949,5.367908625335449,comfortable clothes
34," All Small & Mighty HE Laundry Detergent for High Efficiency Washers, Triple Concentrated Liquid, Fresh Rain Scent, 32-Load Bottles (Pack of 9)",97,5.341602562611989,comfortable clothes
35," All Small & Mighty, Triple Concentrated Liquid Laundry Detergent, Stainlifter, 32 Loads Per Bottle",100,5.337167142996264,comfortable clothes
36, Smartek ST-25 Deluxe Clothes Shaver,2668,5.325166206190041,comfortable clothes
37," Tide HE Detergent for High Efficiency Washers, Powder, Original Scent, 31-Load Boxes (Pack of 4)",2961,5.305885174368043,comfortable clothes
38," Bounce Fabric Softener Sheets, Outdoor Fresh Scent, 120-Count Box (Pack of 2)",347,5.2735828357449765,comfortable clothes
39, Open Knee Wrap Stabilizer,2124,5.268566472754546,comfortable clothes
40," Biokleen Premium Plus Laundry Powder, 5-Lb. Boxes (Pack of 8)",295,5.268221532192683,comfortable clothes
41, Prenatal Cradle Adjustable Prenatal Cradle,2390,5.247931584004101,comfortable clothes
42, Posture Corrective Brace,2360,5.218805176278996,comfortable clothes
43, Duro-Med Mealtime Protector,833,5.217854936427308,comfortable clothes
44, Spray N Wash Dual Pwr Pretrea - 12 Pack,2792,5.2115792072237035,comfortable clothes
45," All Small & Mighty, Triple Concentrated Liquid Laundry Detergent, Free Clear, 32 loads per bottle",98,5.205535941643507,comfortable clothes
46," Depend Boost Inserts, 20 Count (Pack of 6)",696,5.175026588423761,comfortable clothes
47, Tranquility Premium OverNight Pull-On Diapers Size Medium Pk/18,2978,5.101568350832838,comfortable clothes
48," Shout Color Catcher Dye-Trapping, In-Wash Cloths - 24 ea",2634,5.041136408969857,comfortable clothes
49, Natural Selection Bath and Body's Zen Massage Oil 8 oz,1819,5.004102329410028,comfortable clothes
50, Gardus D1203615+ D3203612 LintEater System And Extension Kit,1059,4.995450640585319,comfortable clothes
1, Thermoskin Lumbar Support in Beige,2949,9.11019539769403,warm clothes
2," Mrs. Meyer's Clean Day Laundry Liquid Detergent, Lemon Verbena, 64-Ounce Bottles (Case of 6)",1722,8.98369429601904,warm clothes
3," Seventh Generation Laundry Detergent, White Flower & Bergamot Citrus, Powder, 112-Ounce Boxes (Pack of 4)",2618,8.069864833495744,warm clothes
4," Biokleen Premium Plus Laundry Powder, 5-Lb. Boxes (Pack of 8)",295,7.897961504278609,warm clothes
5," Tide HE Detergent for High Efficiency Washers, Powder, Original Scent, 31-Load Boxes (Pack of 4)",2961,7.795492556916674,warm clothes
6," Seventh Generation Natural Laundry Detergent, Lavender Scented, Ultra-Concentrated Liquid, 100-Ounce Bottles (Pack of 4)",2624,7.586549938753785,warm clothes
7, Duro-Med Mealtime Protector,833,7.567513232960443,warm clothes
8, Happi Tummi Natural Colic Relief Waistband,1168,7.47389659316304,warm clothes
9," Seventh Generation Natural Laundry Detergent with Non-Chlorine Bleach, Free & Clear, Powder, 112-Ounce Boxes (Pack of 4)",2621,7.416956976718846,warm clothes
10," Dry Cleaner's Secret Woolite Dry Clean at Home, Quick & Easy Dry Cleaning Cloths",789,7.304480891329914,warm clothes
11," Win High Performance Sport Liquid Detergent, Super Oxygenated Formula, 21-Ounce Bottles (Pack of 4)",3159,7.164744699959481,warm clothes
12, Thai Deodorants Thai Deodorant Stone with Velvet Pouch,2899,7.150646680970532,warm clothes
13," Shout Color Catcher Dye-Trapping, In-Wash Cloths - 24 ea",2634,7.141345901211894,warm clothes
14, Charlie's Soap Laundry Liquid - 1 Gal Jug - (128 Loads),503,7.105296747763202,warm clothes
15," Wellgate for Women Gel-Comfort Knee Support, 1 Size",3151,6.9389608566393655,warm clothes
16, Burberry Brit By Burberry For Women. Eau De Toilette Spray 3.3-Ounces,408,6.5800449257098395,warm clothes
17," Kleen Free Naturally, Natural, Non-Toxic, Enzyme Solution and Multi-Purpose Cleaner",1409,6.551228475386732,warm clothes
18, Nad's Hair Removal Gel Kit 6 oz. Gel And Accessories,1785,6.523210303833637,warm clothes
19," Comfort Bath Value Size! Personal Cleansing, Ultra-Thick Disposable Washcloths, 32 ea",589,6.441122404178399,warm clothes
20, Desolv It Citrus Solution 12.6oz,710,6.316026947051741,warm clothes
21," Duro-Med Posture Corrector, White,",837,6.201185338173895,warm clothes
22, Futuro Stabilizing Back Support,1035,6.163991690945201,warm clothes
23, Chamomile Body Sugar 5 Ounces,498,5.963390759521702,warm clothes
24," Charlie's Soap Laundry Pre-Spray, 16.9 Ounce",504,5.83518009733462,warm clothes
25, Crystal Body Deodorant Crystal Body Deodorant Stick,648,5.804766194333706,warm clothes
26, Oil Eater Cleaner Degreaser 32oz,2086,5.771421221454088,warm clothes
27," Thermalon Microwave Activated Moist Heat-Cold Compress Wrap for Back, Neck, Shoulder, Head, Abdomen, 5.5"" x 18.5""",2937,5.714476964391582,warm clothes
28, Sunbeam Flexible Heating Pad,2831,5.6919285514495375,warm clothes
29, DEODORANT STONES OF AMERICA Thai Crystal Mist Spray 8 oz,669,5.659270488237729,warm clothes
30," Seventh Generation Natural Fabric Softener, Blue Eucalyptus and Lavender Scent, Ultra-Concentrated, 40-Ounce Bottles (Pack of 6)",2620,5.64344709876954,warm clothes
31, Bio Kleen Oxygen Bleach Plus,284,5.617371248816527,warm clothes
32, Rit Sun Guard Laundry Treatment UV Protectant - si,2536,5.609279381837138,warm clothes
33, Sunbeam 756-500 Heating Pad with UltraHeatTechnology,2828,5.603326034506178,warm clothes
34, Perwoll Black Magic Laundry Soap 750 ml,2277,5.545203939042155,warm clothes
35, Certain Dri Antiperspirant Roll-On for Excessive Perspiration-1.2 oz,497,5.522843026667509,warm clothes
36," Planet Ultra Powdered Laundry Detergent, 64-Ounce Boxes (Pack of 10)",2346,5.496150567442099,warm clothes
37," Seventh Generation Natural Laundry Detergent, Free & Clear, Ultra-Concentrated Liquid, 150-Ounce Bottles (Pack of 3)",2623,5.479332704862769,warm clothes
38, Bed Buddy Hot Pack by EasyComforts,266,5.467632882531577,warm clothes
39," Priva Waterproof Mealtime Protector, Blue Terry",2418,5.456792804247431,warm clothes
40," Mrs. Meyer's Clean Day Fabric Softener, 32-Ounce Bottles (Case of 6)",1721,5.420155262144513,warm clothes
41, Miele / Henkel ,1682,5.411933864334107,warm clothes
42," Planet Ultra Liquid Laundry Detergent, 100 Fluid-Ounce Bottles (Pack of 4)",2345,5.379021042417691,warm clothes
43, Household Essentials Hanging Cotton Canvas Laundry Hamper Bag,1270,5.365437155037927,warm clothes
44," All Small & Mighty HE Laundry Detergent for High Efficiency Washers, Triple Concentrated Liquid, Fresh Rain Scent, 32-Load Bottles (Pack of 9)",97,5.341602562611989,warm clothes
45," All Small & Mighty, Triple Concentrated Liquid Laundry Detergent, Stainlifter, 32 Loads Per Bottle",100,5.337167142996264,warm clothes
46, Smartek ST-25 Deluxe Clothes Shaver,2668,5.325166206190041,warm clothes
47," Seventh Generation Natural Laundry Detergent, Baby, Ultra-Concentrated Liquid, 50-Ounces Bottles (Pack of 6)",2622,5.284301606215441,warm clothes
48," Bounce Fabric Softener Sheets, Outdoor Fresh Scent, 120-Count Box (Pack of 2)",347,5.2735828357449765,warm clothes
49, Open Knee Wrap Stabilizer,2124,5.268566472754546,warm clothes
50, Spray N Wash Dual Pwr Pretrea - 12 Pack,2792,5.2115792072237035,warm clothes
1, Marpac TSC 330 Travel Sound Conditioner,1580,3.447555744217515,travel
2, Dex Products Travel Wipes Warmer,715,3.441064531467894,travel
3, MB9910T Slim Line Reader in Metal Tube with Spring Hinge and Clip,1540,3.4322607292805394,travel
4, Chrome METAL SHAVING SOAP BOWL silver shave dish with LID covered holder NEW Great for Travel,527,3.4142681678018945,travel
5, Activa Mens Dress Socks Moderate Compression 20-30 mmHg,76,3.381810679341252,travel
6, The Stick Travel Stick,2924,3.3251862304182733,travel
7, Braun PocketGo P-70 Men's Shaver,374,3.3163080385517745,travel
8," Floxite 5X Lighted Magnifying Mirror 5"" white",1007,3.3068088396150466,travel
9," Medport Diabetes Travel Organizer From GMS Holds Two Weeks Supplies/ Will Hold Syringes,vials Pens Secure - Cold for 12 hours, Cools for up to 18 Hrs Comes with 2-6 Oz Cold-Gel Paks",1636,3.292918552191645,travel
10, Panasonic EW1270AC Portable Oral Irrigator,2244,3.2849363837302903,travel
11, Braun 3612 InterFace Rechargeable Shaver,356,3.274443737536421,travel
12, Medic-Air Back Pillo,1618,3.2513568693240504,travel
13, Jobst Ultrasheer 15-20 Knee-High Silky Beige Large,1375,3.2338322324354243,travel
14, Back Booster 1001 Inflatable Lumbar Support Cushion,227,3.217047464906165,travel
15, Remington MSC-140 Men's Titanium Battery Operated Foil Travel Shaver,2512,3.189252140715692,travel
16, Travel John - Portable Bathroom (3 pack),2981,3.184594341972529,travel
17, Genuine Corflex Medic Air Back Pillow - Blue,1067,3.176766632702977,travel
18," Wahl 9906-2001 ""The Mustache"" Cordless/Battery Operated Beard and Mustache Trimmer",3106,3.1722227515886656,travel
19, WAHL 9962-717 Compact Travel Trimmer,3091,3.1510663268408963,travel
20, Contour Backmax Support System,610,3.1445800077448216,travel
21, ROHO High Profile Quadtro Select Cushion,2460,3.1382444746967,travel
22," Hefty One Zip 2.5 Gallon Jumbo Storage/Freezer Bags,12 Count Boxes (Pack of 9)",1194,3.1277622484141427,travel
23, The First Years Deluxe Fold and Go Diapering Kit,2906,3.12672598684816,travel
24, Zadro Ultimate Lighted Make-up Mirror,3188,3.1165262594272742,travel
25," Apex Weekly Pill Organizer, Twice-a-Day, 1 Pill Organizer (Colors May Vary)",153,3.069044856875606,travel
26, Kids Earplane Ear Plugs For Airplane Travel,1401,3.0613177937918032,travel
27, HoMedics SQM-N1 Squish Massaging Neck Pillow,1243,3.0569883955277968,travel
28," Panasonic ES7801S Triple Blade Wet/Dry Men's Shaver, Silver",2234,3.051234877219526,travel
29, Sombra Pain-Relieving Gel,2689,3.0483662318966993,travel
30," Preserve Toothbrushes, Ultra Soft Bristles, 6-Counts",2396,3.040310486768137,travel
31, Panasonic ES4026CMB Men's Double Blade Shaving Combo with Bonus Nose/Ear Trimmer,2229,3.0341229070217355,travel
32, Kiddopotamus Quickchange Portable Changing Pad,1399,3.0334920984338094,travel
33, Interplak WJ2CS Compact Rechargeable Water Jet,1317,3.0239052146250227,travel
34, Magic Focus Big Eyes Standing Vanity Gooseneck 5X Mirror,1563,3.0196803682947624,travel
35, Griffin Technology 4002-TJUICE TuneJuice Battery Backup for iPod and iPod mini,1135,3.018567933213464,travel
36, Meditation Timer,1619,3.0153120644304257,travel
37, Tweezerman Mini Slant Tweezer,3008,3.014066298005685,travel
38, Philips Norelco 7745X Cool Skin Lotion Dispensing Cordless Rechargeable Shaver,2292,3.005963418695909,travel
39, DigiPower DPS-3000+ 3-Hour AA/AAA Rechargeable Battery Kit with 4 AA 2700 mAh Batteries and Car Charger,722,2.996252596808415,travel
40, Waterpik Waterflosser Cordless Rechargeable WP-360W,3134,2.957581464564818,travel
41, FRIO Large Insulin Cooling Case,963,2.951226095133607,travel
42, Munchkin Travel Diaper Changing Kit (colors may vary),1733,2.9334713439819367,travel
43," Shout Wipes, Portable Stain Treater Towelettes - 12 ea",2635,2.9089082694137467,travel
44," Source Naturals Melatonin, 2.5mg",2742,2.902542910153479,travel
45, Chicco C5 Umbrella Stroller,515,2.8947335860546137,travel
46," Mack's Pillow Soft Silicone Earplugs, Value Pack, 6 pr",1560,2.8904327361082625,travel
47, Bucky Shades Sleep Mask With Earplugs,405,2.8860735371993176,travel
48, Amazon.com,115,2.873744586036034,travel
49, Marsona DS-600A Sound Conditioner with Six Sounds,1582,2.8716945408669106,travel
50, Oral-B S-320 Sonic Complete Rechargeable Power Toothbrush,2158,2.8709114145293477,travel
1, Avalon Organics Conditioner Strenthening Peppermint -- 11 fl oz,185,8.960816958013497,conditioner
2, Avalon Organic Conditioner,183,8.960816958013497,conditioner
3, Avalon Organics Conditioner Awapuhi Mango Moisturizing,184,8.960816958013497,conditioner
4, Giovanni Cosmetics Conditioner Smooth As Silk,1097,8.816515309981531,conditioner
5, Thin to Thick Extra Volume Shampoo,2953,8.558560024643384,conditioner
6, Avalon Shampoo,186,8.471715278335655,conditioner
7, TheraNeem Gentle Therape Shampoo - 12 oz - Liquid,2932,8.467248365606803,conditioner
8, RPS 16-Ounce Waterbed Conditioner,2461,8.356940084388999,conditioner
9, Lily Of The Desert Aloe Vera Juice,1493,7.944266322450295,conditioner
10, Burt's Bees Avocado Butter Pre-Shampoo Hair Treatment with Nettles and Rosemary - 4.34 fl oz,410,7.933626602274091,conditioner
11, Sally Hansen Creme Bleach Extra Strength Arms/Legs/Face,2580,7.877921923169795,conditioner
12, Light Mountain Natural Hair Color And Conditioner,1488,7.456073216016599,conditioner
13, Naturtint - Permanent Hair Colorant,1917,7.411778992114146,conditioner
14, Organix Hair - Brazilian Keratin Therapy Treatment Products,2168,7.350114589951143,conditioner
15, Lily Of The Desert Aloe Vera Gel Whole Leaf,1492,7.300444433104071,conditioner
16, EO Products Shampoo,862,7.248037351124671,conditioner
17," Nit Free Terminator Lice Comb, Professional Stainless Steel Louse and Nit Comb for Head Lice Treatment, Removes Nits",1952,7.213150088505725,conditioner
18," Now Foods, Grape Seed Oil",2007,7.174432958268935,conditioner
19, NOW Foods Jojoba Oil Pure,1766,7.1280229847226915,conditioner
20, Marpac TSC 330 Travel Sound Conditioner,1580,7.125204277756917,conditioner
21, Aloe Vesta 2-n-1 Skin Conditioner - 8 oz Bottle,108,7.123129835958475,conditioner
22, Marsona 1288A Programmable Sound Conditioner,1581,7.091082870535692,conditioner
23, Dr. Bronner'S Organic Bar Soaps Pure Castile,764,6.969680715447232,conditioner
24, 100% Pure Tea Tree Oil by Desert Essence 2 Ounces,8,6.922276333128311,conditioner
25, Lice and Nit Eliminating Natural Mousse with Foam Applicator Kit,1465,6.711383091943908,conditioner
26, Dohm-SS Single Speed Sound Conditioner by Marpac (formerly known as the Sleepmate/Sound Screen 580A),756,6.496875756609397,conditioner
27, Surya Henna Henna Cream Light Brown,2848,6.358646748718312,conditioner
28," Afta After Shave Skin Conditioner, original - 3 oz, (Pack of 12)",90,6.2893317045662895,conditioner
29, Marpac Dohm-DS Dual Speed Sound Conditioner,1578,6.167960329768736,conditioner
30, Vinylex 1215 Protectant Spray 16.9 oz. (500mL),3080,6.113149655907765,conditioner
31," Now Foods, Apricot Kernel Oil",2003,5.9967242132517775,conditioner
32, Light Mountain Hair Color,1487,5.930679199073794,conditioner
33, NOW Foods Tea Tree Oil,1775,5.707629042284909,conditioner
34, Now Foods Organic Macadamia Oil Pure,1987,5.699136754580726,conditioner
35, HomeCare Labs/ Works 03381WK The Works Tub & Shower Cleaner,1254,5.667311021947809,conditioner
36, Dynamic Health Laboratories Organic Apple Cider Vinegar with Mother,853,5.6646613627969895,conditioner
37, Surya Cream Henna Hair Color - Natural Ingredients,2847,5.445793162008551,conditioner
38, Mustela 2 in 1 Hair & Body Shampoo,1740,5.307345100151999,conditioner
39, Miele ,1681,5.284198062098168,conditioner
40, Heritage Products Castor Oil,1211,5.176401203208102,conditioner
41, Hair Revive Natural Defense for Women,1161,5.09196512228673,conditioner
42, Amazing Herbs Cold-Pressed Black Seed Oil - 16oz,113,5.029736984168334,conditioner
43, Badger Healing Balm,233,5.0098517455559275,conditioner
44, Africa's Best Ultimate Herbal Oil 8 oz.,89,4.838903384641483,conditioner
45," Palmolive Eco Gel Dishwasher Detergent, 45 Ounce (Pack of 3)",2209,4.8369715964878806,conditioner
46, Remington R-9500 Rotary Shaver with Titanium Coated Cutters and Automatic Cleaning System,2515,4.7891732248020995,conditioner
47, Herpecin L,1215,4.734897190572541,conditioner
48, Cerama Bryte Stainless Steel Cleaning Polish (with Mineral Oil),496,4.489282394886419,conditioner
49, Sally Hansen Hair Remover Creme For Face With Vitamin-E,2581,4.367901581547256,conditioner
50, Now Foods Virgin Coconut Oil,1996,4.358474059200682,conditioner
1, Ginseng Vitality Tea 16 Bags,1096,5.536966116372739,organic
2, Active Green Bar,78,5.495690618279103,organic
3," Natracare Organic All Cotton Tampons, Regular with Applicator, 16 Count boxes (Pack of 12)",1792,5.284243145917317,organic
4, Dynamic Health Laboratories Organic Apple Cider Vinegar with Mother,853,5.258836742081907,organic
5," Oskri Organics Coconut Bar, Original, 1.86 Ounce Bars - (Pack of 18)",2178,5.172013669962369,organic
6, Dr. Bronner'S Organic Bar Soaps Pure Castile,764,5.1696201910273745,organic
7, Hibiscus Tea - Certified Organic - 24 Teabags,1219,5.141452362642693,organic
8, New Chapter Every Woman Multivitamins,1934,5.083232558188446,organic
9, Cc Pollen Bee Pollen High Desert packed in a bag,483,5.046537577294996,organic
10, Alba Botanica Body Wash,92,5.02663806708829,organic
11," Navitas Naturals Goji Berries, 16-Ounce Pouches",1918,5.010451788758063,organic
12, Jarrow Formulas Coconut Oil 100% Organic Extra Virgin,1340,5.00066162522516,organic
13, Master Cleanse 10-Day Organic Kit with Free MC book,1586,4.9246524713946815,organic
14," Seventh Generation Chlorine Free Organic Cotton Tampons, Non-Applicator, 20-Count, Pack of 12, Packaging May Vary",2615,4.8819748284377935,organic
15," Rainbow Light, Multivitamin",2473,4.864187892750563,organic
16, Avalon Organics Conditioner Strenthening Peppermint -- 11 fl oz,185,4.838436496594394,organic
17, Avalon Organics Conditioner Awapuhi Mango Moisturizing,184,4.838436496594394,organic
18, Avalon Organic Conditioner,183,4.838436496594394,organic
19, Aubrey Hand and Body Lotions,172,4.803763864426539,organic
20, Canus Goats Milk Lip Balm,446,4.761880797289443,organic
21," Garden of Life Super Seed Beyond Fiber, 600-Grams",1058,4.738943660346702,organic
22, Flaxseed Oil 16 fl oz (474 ml) Liquid,991,4.692984700617127,organic
23, Moom Botanical Hair Removal Kit,1701,4.671956619782958,organic
24, Macro Life Naturals (Miracle Greens) Miracle Reds,1562,4.671529300977735,organic
25," Citrus Magic, Fruit & Veggie Wash, 16 oz",528,4.659619277771022,organic
26, Probar - 12 Pack,2431,4.648525524655395,organic
27," Wellements Organic Gripe Water for Colic, 4 Fluid Ounce",3149,4.644730252763056,organic
28, Aloe life Skin Gel - 8 oz - Liquid,109,4.627726184854757,organic
29, EO Products Shampoo,862,4.574136930473563,organic
30," Now Foods, Spirulina 500 mg 100% Natural",2018,4.5144702235597425,organic
31, Aubrey Organics,173,4.509637706021243,organic
32, Now Foods Organic Macadamia Oil Pure,1987,4.441697433908725,organic
33, Peppermint Tea POUCH for Irritable Bowel Syndrome ~ Heather's Tummy Teas Loose Organic Peppermint Tea (16 oz. Bulk Pouch),2274,4.440486894962474,organic
34," Kotex Lightdays Pantiliners, Long, Unscented, Jumbo Pack, 105 Count",1418,4.435335352046724,organic
35, Avalon Shampoo,186,4.414795984140441,organic
36," Probar Whole Food Nutrition Bar, Cran-Lemon Twister 3 Ounces (Pack of 12)",2432,4.411027860693604,organic
37," Clif Bar Energy Bar, Variety Pack of Crunchy Peanut Butter, Chocolate Chip Peanut Crunch, and Oatmeal Raisin Walnut, 2.4-Ounce Bars, Pack of 24",554,4.3869080727194385,organic
38, Fresh Bee Pollen Whole Granules - 16 oz. - Granules,1023,4.380701868653698,organic
39, Natural Balance Colon Clenz,1804,4.342142515359872,organic
40, Nature's Way Echinacea Root Complex,1872,4.313514342303172,organic
41," GURU Energy Drink, 100% Natural, 8.4-Fluid Ounce Can (Pack of 24)",1049,4.290921603850594,organic
42, Source Naturals Spirulina Powder,2762,4.2837589501497675,organic
43, Adult Organic Energy Sports Chews,85,4.277767492676132,organic
44," Seventh Generation Natural Laundry Detergent with Non-Chlorine Bleach, Free & Clear, Powder, 112-Ounce Boxes (Pack of 4)",2621,4.269358761290225,organic
45, Nutrex Hawaii Hawaiian Spirulina Pacifica,2036,4.255844504280827,organic
46, Bragg Organic Vinegar Apple Cider (),353,4.250849243108765,organic
47, Greens Plus - Protein Bars - 12 Bars,1133,4.233946267245882,organic
48," BISSELL Pet Stain & Odor Pre-Treat for Carpet & Upholstery, 0790A",208,4.232335927540956,organic
49, Thin to Thick Extra Volume Shampoo,2953,4.223763547213434,organic
50, Nature's Way Hawthorn,1883,4.1753284904421415,organic
1, Active Green Bar,78,2.8240335552519804,healthy
2, Healthy Trinity (Dairy-free) by Natren - 60 Capsules Probiotics,1181,2.8187637541340322,healthy
3, Twinlab Cod Liver Oil Sg,3016,2.7900905077026406,healthy
4," Larabar Fruit and Nut Food Bar, 1.7-Ounce Bars (Pack of 16)",1450,2.779060976964611,healthy
5, Kyolic Kyo-Dophilus,1423,2.763060570338477,healthy
6, New Chapter Every Woman Multivitamins,1934,2.7167272554964756,healthy
7, Fruit and Veggie Bowl with Removable Ice Pack,1024,2.706045616452807,healthy
8, O'Keefes Creme,2048,2.6835374451397533,healthy
9, Hibiscus Tea - Certified Organic - 24 Teabags,1219,2.671421291942929,healthy
10, Now Foods Holy Basil Extract,1978,2.652779135359456,healthy
11, Bojenmi Chinese Diet Tea to Support Weight Control - 20 Bags Per Box,336,2.6501985693154126,healthy
12, Probar - 12 Pack,2431,2.646729178281992,healthy
13," Kashi-Go Lean Crunchy, 24 ct Variety Pack",1396,2.6420597973848055,healthy
14, Chinese Healthy Balls #40555 (Blue with Phoenix Bird and Dragon),521,2.639233864342415,healthy
15," Nature's Answer Milk Thistle Seed, 1-Ounce",1831,2.629310390692442,healthy
16, Probiotic Defense by Now Foods 90 Vegetarian Capsules,2434,2.628887529253145,healthy
17, Source of Life Energy Shake by Nature's Plus 2.2 Pounds,2775,2.6198815869676984,healthy
18, Jason Bodycare Deodorants (2.5 and 3 oz),1354,2.6171023831689633,healthy
19," SlimFast Shake Mix, 12.83-Ounce (Pack of 3)",2660,2.6145564899098472,healthy
20, EAS Myoplex Lite Nutrition Shake,859,2.6080211232666293,healthy
21," Odwalla Nourishing Food Bar, Super Protein, 2.2-Ounce Bars in 12-Count Boxes (Pack of 2)",2083,2.6058377754503534,healthy
22, Yerba Prima Psyllium Husks,3183,2.6051286101051754,healthy
23, Nature's Way Alive! Pea Shake,1855,2.6036305943826594,healthy
24, Osteozyne (180 Capsules) Complete Bone Health & Bone Mass Formula,2182,2.584294479368892,healthy
25," Original Doctor Mom Otoscope, otoscopes - CLAMSHELL kit",2169,2.5747155419527323,healthy
26," Ensure Complete Balanced Nutrition Drink, Butter Pecan, 8-Ounce (Pack of 24)",918,2.5691306399690697,healthy
27," The Ultimate Life - The Ultimate Meal, 1200 g powder",2926,2.5643435786836473,healthy
28, Original Formula by All One,2170,2.5545020169492294,healthy
29, Sambazon Organic Acai Powder,2586,2.553079909284008,healthy
30," Navitas Naturals Goji Berries, 16-Ounce Pouches",1918,2.5507627962067585,healthy
31, Nature's Way Astragalus Root,1857,2.5496556271711426,healthy
32, Source Naturals Artichoke Extract 500mg,2703,2.5467156324175164,healthy
33, Nature Made Nature Made Omega-3 Fish Oil,1826,2.5456580031413054,healthy
34, Now Foods Now Special Two,1983,2.5437930590121196,healthy
35, Lecithin Granules 16 oz (454 g) Granules,1458,2.5403830061884975,healthy
36, Tahitian Noni Juice,2870,2.5372284883715195,healthy
37," Source Naturals Life Force Multiple, No Iron Tablets",2733,2.5351137305140603,healthy
38," Pines International - Wheat Grass Powder, 24 oz powder",2341,2.532590307312154,healthy
39, Iron-Tek Essential Natural 100% Protein,1325,2.5296212919100514,healthy
40, iSatori MX-LS7-Contain 7-Keto and Coleus Forskholii as featured on Dr OZ,3227,2.5179111371713687,healthy
41, Nature's Way B-100 Complex,1858,2.5127549062670047,healthy
42, Fungicure Maximum Strength Anti-Fungal Liquid,1028,2.511741089544987,healthy
43," SOYJOY Bar, Berry, 1.6-Ounce Bars (Pack of 24)",2565,2.509700134716427,healthy
44, Rainbow Light Complete Prenatal System,2466,2.503149039272936,healthy
45, Fungi-Nail Fungi-Nail Anti-Fungal Solution,1027,2.498339460877246,healthy
46, Ginseng Vitality Tea 16 Bags,1096,2.4967786044387132,healthy
47, Macro Life Naturals (Miracle Greens) Miracle Reds,1562,2.4966929668351634,healthy
48, Source Naturals Wellness Oil of Oregano,2773,2.4953654437168717,healthy
49," Oskri Organics Coconut Bar, Original, 1.86 Ounce Bars - (Pack of 18)",2178,2.49212523639334,healthy
50, Wellness Formula by Source Naturals 90 Tablets,3153,2.4876173588968777,healthy
1, Lipovarin 150 Caps Thermogenic Weight Loss Diet Pill,1497,4.522241946056331,weight control
2, Moist Heating Pads - TheraTherm Digital Moist Heating Pads,1696,4.409608980421396,weight control
3, EAS AdvantEdge Carb Control Nutrition Bar,858,4.329567924644511,weight control
4, Weight Loss with Hypnosis CD,3139,4.292120041293205,weight control
5, Stacker 2 Ephedra Free,2797,4.278302973338654,weight control
6, Thyrotril 90 Caps Metabolism Thyroid Sterling Grant,2960,4.191423845144166,weight control
7, Lipovarin - Sterling Grant 90 Caps,1496,4.189130399259684,weight control
8," SlimFast High Protein Shake Mix, 12.83 Ounce (Pack of 3)",2659,4.185978209945115,weight control
9, Bojenmi Chinese Diet Tea to Support Weight Control - 20 Bags Per Box,336,4.16756153211646,weight control
10," Zalestra Dietary Supplement for Pre-Menopausal and Menopausal Weight Loss Capsules, 90-Count Bottle",3191,4.157443924289494,weight control
11," Slim-Fast Low-Carb Ready To Drink, Creamy Chocolate, 11-Ounce Cans in 4-Count Boxes (Pack of 6)",2658,4.134292298342724,weight control
12, Stacker 3,2798,4.104312210364643,weight control
13," ExtendBar, Peanut Butter Chocolate Delight, 1.41-Ounce Bars (Pack of 15)",951,4.0930592235296706,weight control
14, FitSmart Shake Old Fashioned Vanilla By Fiber 35 Diet - 1lb 7oz From Brenda Watson Fiber35,989,4.031629461502691,weight control
15, Nature's Secret Ultimate Fasting Cleanse Kit,1851,4.0185890326214135,weight control
16, Mega-T Green Tea Dietary Supplement,1639,4.004326256550696,weight control
17," NxLabs - Slimquick Extreme, 120 gelcaps",2047,4.002473411717467,weight control
18, Lipoxinol (140 Caps)- Triple Action Weight Loss Accelerator!,1498,3.9983780397777986,weight control
19, Twinlab Cod Liver Oil Sg,3016,3.940387698823762,weight control
20," PowerBar ProteinPlus High Protein Bar, 2.29-Ounce Bars (Pack of 12)",2368,3.9363297230483116,weight control
21, Invacare Careguard Overbed Table,1318,3.9278491598566276,weight control
22, Nature's Way Dim-Plus Capsules,1871,3.927566472669181,weight control
23, Battle Creek Thermophore Automatic Arthritis Pad,251,3.8880035295982656,weight control
24, Canon BGE2 Battery Grip for the EOS 20D and EOS 30D Digital SLR Cameras,443,3.8684556456654917,weight control
25, Doctors Best Best Stabilized R- Lipoic Acid,754,3.797233389276224,weight control
26," Now Foods, Relora 300 mg",2017,3.785016728380149,weight control
27, Merkur FUTUR style Safety Razor Chrome Finish with adjustable blade angle,1655,3.749013587169545,weight control
28, Fit & Fresh Lunch On The Go,987,3.742931977108267,weight control
29," Alli Weight-Loss Aid, Orlistat 60mg Capsules, Starter Pack",104,3.729924359989303,weight control
30, Rainbow Light Complete Menopause Multivitamin,2465,3.728412728142237,weight control
31, Carb Intercept by Natrol 120 Capsules,448,3.723601838176223,weight control
32, Medline Offset Handle Cane,1630,3.6710573563698174,weight control
33, Source Naturals Calcium D-Glucarate 500mg,2708,3.639330650815916,weight control
34, Lewis Labs Brewers Yeast 32 Ounces,1463,3.6370776781362197,weight control
35," Herbalife, Herbal Concentrate Tea",1208,3.5969007215431925,weight control
36, Nature's Way Glucomannan Caps,1881,3.594281810464947,weight control
37, Andis 395060-Edjer II Rechargeable Cordless Professional Trimmer,136,3.589308096372384,weight control
38, HOMEDICS PALM MASSAGER W/3 HEAD ATTACH.,1151,3.577761060616845,weight control
39," Threelac Probiotic Dietary Supplement, Natural Lemon Flavor, Includes 60 .053-Ounce Packets",2956,3.568834491701673,weight control
40, Jarrow Formulas L-Glutamine Powder,1348,3.529701884364009,weight control
41," Alli Weight-Loss Aid, Orlistat 60mg Capsules Refill Pack",102,3.5275780660643243,weight control
42, Irwin Naturals Maximum Strength Phase 2 Carb Blocker,1327,3.4981117843824574,weight control
43, Tyrosine 500 mg capsules,3028,3.4934890129302456,weight control
44," Optimum Nutrition Opti-Women, Women's Multivitamin",2137,3.4836866819479715,weight control
45," NxCare NV Be Desired Rapid Weight Loss, Caplets , 60-Count Bottle",2046,3.4728543101459093,weight control
46, Mega Green Tea Extract (Decaffeinated),1638,3.4182463889579258,weight control
47, Nature's Way Maca,1889,3.41507592760222,weight control
48, Iodine,1324,3.412694148467203,weight control
49, Source Naturals Progesterone Cream,2752,3.399449367176097,weight control
50," Schick Quattro for Women Razor Refill, Ultra Smooth",2596,3.3811633145422677,weight control
1," PowerBar Harvest Whole Grain Energy Bar, 2.29-Ounce Bars (Pack of 15)",2366,5.664126135872037,nutrition
2," Ensure Complete Balanced Nutrition Drink, Butter Pecan, 8-Ounce (Pack of 24)",918,5.582863742363884,nutrition
3," PureFit Nutrition Bar, 2-Ounce Bars (Pack of 15)",2447,5.581511487401936,nutrition
4, CytoSport Muscle Milk Ready-to-Drink Shake,665,5.561462410923644,nutrition
5," Champion Nutrition Pure Whey Protein Stack, 60 packet box",499,5.4628864587853245,nutrition
6, Optimum Nutrition Glutamine Powder,2136,5.413836879288304,nutrition
7, Clif Bar - 12 Pack,552,5.399727162943041,nutrition
8, Complete Whole Food Health Optimizer Natural Flavor By Vega - 36.6 Ounces,596,5.344072435486119,nutrition
9, Champion Nutrition WHEY STACK BANANA 2.2LB,501,5.338473685497077,nutrition
10," Ensure Plus Complete Balanced Nutrition Drink, Ready to Use, 24-8 Fluid Ounce Bottles",919,5.32585325955379,nutrition
11, Optimum Nutrition 100% Whey Gold Standard Natural Whey,2131,5.316902157134247,nutrition
12," 100% Whey, Chocolate Mint 5 lb",10,5.316902157134247,nutrition
13," 100% Whey, Vanilla 5 lb",11,5.316902157134247,nutrition
14, Optimum Nutrition 100% Egg Protein,2129,5.278112996264611,nutrition
15," Boost Nutritional Energy Drink, 8-Ounce Bottle (Pack of 24)",343,5.267076627127713,nutrition
16, Active Green Bar,78,5.243282069791365,nutrition
17," Luna Bars, 1.69-Ounce Bars",1526,5.231692136083755,nutrition
18, Optimum Nutrition 100% Whey Gold Standard,2130,5.175372707802885,nutrition
19," Clif Bar Energy Bar, Variety Pack of Crunchy Peanut Butter, Chocolate Chip Peanut Crunch, and Oatmeal Raisin Walnut, 2.4-Ounce Bars, Pack of 24",554,5.165089827330059,nutrition
20, Optimum Nutrition After Max Post-Workout Maximum Recovery,2132,5.0507612344857105,nutrition
21," Optimum Nutrition Opti-Women, Women's Multivitamin",2137,5.045657883808222,nutrition
22, Nature's Way Alive! Pea Shake,1855,5.03695929337642,nutrition
23, Dymatize Nutrition Elite Whey Protein Powder,850,4.9806173676032115,nutrition
24, PB 8,2199,4.965369412597538,nutrition
25, Ultimate Nutrition Prostar Whey Strawberry,3038,4.962110187726517,nutrition
26, Big 100 Colossal Bar,280,4.926634343840733,nutrition
27, Optimum Pro-Complex Vanilla 2.2 lb,2140,4.917307220291191,nutrition
28," Optimum Nutrition Pro Complex, 4.6 Pound",2138,4.917307220291191,nutrition
29, Weider Health and Fitness - Tiger's Milk Bar - 24 - 1.23 oz (35 g) bars [29.63 oz (840 g)],3138,4.900447731936279,nutrition
30," Promax 12 per pack, 2.64 oz. each",2437,4.866429039783114,nutrition
31, Life's Fortune MultiVitamin & Mineral All Natural Energy Source Supplying Whole Food Concentrates - 180 Tabs,1470,4.8208720096871955,nutrition
32, Optimum Nutrition Glutamine 1000mg,2135,4.808723799785107,nutrition
33," Jay Robb Enterprises - Whey Vanilla Isolate, 12 oz powder",1358,4.789747696287571,nutrition
34," Probar Whole Food Nutrition Bar, Cran-Lemon Twister 3 Ounces (Pack of 12)",2432,4.770405724307177,nutrition
35, Universal Micronized Creatine Powder,3046,4.766281322163136,nutrition
36, Optimum Nutrition Creatine Powder,2134,4.7650365603495475,nutrition
37, Probar - 12 Pack,2431,4.756369968301605,nutrition
38, Body Ecology Kefir Starter,324,4.720031692082847,nutrition
39, BSN Syntha-6 Protein Powder,219,4.66886861621421,nutrition
40, NUTRIBIOTIC VEGAN RICE PROTEIN Vanilla 3 lb.,1783,4.667334162010164,nutrition
41, Hammer RECOVERITE - Glutamine Fortified Recovery Drink (32 servings),1165,4.662317359873551,nutrition
42, Source Naturals Chlorella from Yaeyama Powder,2711,4.640567401709511,nutrition
43, Source Naturals Spirulina Powder,2762,4.6327678860167625,nutrition
44, Balance Bar Company - Balance Carb Well Nutrition Energy - 15 - 1.76 oz (50 g) bars [26.4 oz (750 g)],234,4.628877951543492,nutrition
45," CarbRite Bar, 12 bars",450,4.618053985961402,nutrition
46, 2013 Hammer Nutrition Complex Carbohydrate Energy Gel - 12-Pack,20,4.607280522861157,nutrition
47, Twinlab 100% Whey Protein Fuel,3014,4.575296648035117,nutrition
48, Perfect Food - Super Green Formula,2275,4.561165659926421,nutrition
49, EAS Myoplex Lite Nutrition Shake,859,4.551490602407039,nutrition
50, Balance Bar Gold Triple Layer Energy Bar (Pack of 15),235,4.517919879078386,nutrition
1," GURU Energy Drink, 100% Natural, 8.4-Fluid Ounce Can (Pack of 24)",1049,11.154833012951936,engergy bar
2," Clif Shot Bloks Organic Energy Chews, 2.1-Ounce Packets",556,7.248028940763198,engergy bar
3," PowerBar Performance The Original Energy Bar, 2.29-Ounce Bars",2367,5.768600141135286,engergy bar
4, Active Green Bar,78,5.768444467947522,engergy bar
5," Promax 12 per pack, 2.64 oz. each",2437,5.735997838264145,engergy bar
6, Detour Deluxe Whey Protein Energy Bar,711,5.733225727657044,engergy bar
7, Medline Grab Bar,1629,5.727792225995706,engergy bar
8," Met-Rx Big 100 Colossal Meal Replacement Bar, Super Cookie Crunch, 12 Bars, 3.52 Ounces",1662,5.721137149965843,engergy bar
9, Clif Bar - 12 Pack,552,5.716347304566809,engergy bar
10," PureFit Nutrition Bar, 2-Ounce Bars (Pack of 15)",2447,5.71105095790349,engergy bar
11," CarbRite Bar, 12 bars",450,5.7099641863587856,engergy bar
12," Clif Bar Builder's Bar, 2.4-Ounce Bars",553,5.705654332900457,engergy bar
13," Worldwide Sport - Pure Protein , 12 Box",3171,5.702342531269975,engergy bar
14," Moen DN7005 Home Care Multi Grip Tub Safety Bar, Glacier",1692,5.699992211884312,engergy bar
15," PowerBar Harvest Whole Grain Energy Bar, 2.29-Ounce Bars (Pack of 15)",2366,5.696410280358116,engergy bar
16, Balance Bar Gold Triple Layer Energy Bar (Pack of 15),235,5.69121711451311,engergy bar
17," Balance Bar Nutrition Energy Bar, 1.76-Ounce Bars (Pack of 15)",236,5.681288483107238,engergy bar
18," Luna Bars, 1.69-Ounce Bars",1526,5.6752922966845505,engergy bar
19, Probar - 12 Pack,2431,5.671430435881237,engergy bar
20," Medline Bathtub Bar, Locks to Side of Tub",1625,5.6624653386168795,engergy bar
21, Hooah! Soldier Fuel Energy Bar 15 ea,1258,5.65390134099477,engergy bar
22," PowerBar ProteinPlus High Protein Bar, 2.29-Ounce Bars (Pack of 12)",2368,5.6510141957787,engergy bar
23," Larabar Fruit and Nut Food Bar, 1.7-Ounce Bars (Pack of 16)",1450,5.640547183483997,engergy bar
24, Atkins Endulge Bars,170,5.612931197944307,engergy bar
25, Greens Plus - Protein Bars - 12 Bars,1133,5.60519793870153,engergy bar
26, Moen R8936 Stainless 36-Inch Grab Bar,1693,5.604312528083009,engergy bar
27, Met-Rx Protein Plus Bars 12 ea,1665,5.601303558257242,engergy bar
28, Clifbar Clif Bars - 12 Pack,557,5.597543342701886,engergy bar
29, Atkins Advantage Bar Chocolate Peanut Butter,169,5.594340866255401,engergy bar
30," Glucerna Meal Bar for People with Diabetes, Chocolate Chunk, 4-Count Boxes, 2.04-Ounces Bars (Pack of 6)",1109,5.588501424490759,engergy bar
31, Dr. Bronner'S Organic Bar Soaps Pure Castile,764,5.583459868246459,engergy bar
32, Big 100 Colossal Bar,280,5.580049153113376,engergy bar
33, Met-Rx Big 100 Meal Replacement Bars 12 ea,1663,5.578207791502848,engergy bar
34," Oskri Organics Coconut Bar, Original, 1.86 Ounce Bars - (Pack of 18)",2178,5.577036677528016,engergy bar
35," Odwalla Nourishing Food Bar, Super Protein, 2.2-Ounce Bars in 12-Count Boxes (Pack of 2)",2083,5.575248932290213,engergy bar
36, EAS AdvantEdge Carb Control Nutrition Bar,858,5.5543935238338635,engergy bar
37, Clif Bar Energy Bars,555,5.543606973971911,engergy bar
38," ExtendBar, Peanut Butter Chocolate Delight, 1.41-Ounce Bars (Pack of 15)",951,5.517369155206331,engergy bar
39," HOOAH! Soldier Fuel Energy Bars, Apple Cinnamon, 2.29-Ounce Bars (Pack of 15)",1152,5.514273487493996,engergy bar
40, Balance Bar Company - Balance Carb Well Nutrition Energy - 15 - 1.76 oz (50 g) bars [26.4 oz (750 g)],234,5.509694415924156,engergy bar
41, Suction Grab Bar 16 Inches,2815,5.457385785393185,engergy bar
42," SOYJOY Bar, Berry, 1.6-Ounce Bars (Pack of 24)",2565,5.35955733840332,engergy bar
43," Probar Whole Food Nutrition Bar, Cran-Lemon Twister 3 Ounces (Pack of 12)",2432,5.339670617727717,engergy bar
44, Grab Bar Chrome Knurled,1120,5.332954751513896,engergy bar
45, Chandrika Chandrika Soap,502,5.291800068990579,engergy bar
46," Kashi-Go Lean Crunchy, 24 ct Variety Pack",1396,5.287611186853516,engergy bar
47," Clif Bar Energy Bar, Variety Pack of Crunchy Peanut Butter, Chocolate Chip Peanut Crunch, and Oatmeal Raisin Walnut, 2.4-Ounce Bars, Pack of 24",554,5.281318346455545,engergy bar
48, Ka-Bar 2-1282-6 D2 Extreme Fighting Knife,1392,5.221486536356895,engergy bar
49," Clearly Natural Glycerine Soap, 4 oz - PARENT",544,5.209069844722298,engergy bar
50, Weider Health and Fitness - Tiger's Milk Bar - 24 - 1.23 oz (35 g) bars [29.63 oz (840 g)],3138,5.174718602347109,engergy bar
1, Nature's Way Pau D'Arco,1897,11.936587122934272,Best vitamins for immune system
2, Wellness Formula by Source Naturals 90 Tablets,3153,11.431104722284685,Best vitamins for immune system
3, Nature's Way SystemWell Immune System,1907,11.047821270934506,Best vitamins for immune system
4," New Chapter, Supercritical Stress Advantage - 60 softgels",1938,11.021421628432686,Best vitamins for immune system
5, Garden of Life Primal Defense,1056,10.934634931028409,Best vitamins for immune system
6, Women's Nutritional by Rainbow Light - 180 Tablets,3164,10.924881242466311,Best vitamins for immune system
7, Quantum Super Lysine Plus+,2453,10.879652576714939,Best vitamins for immune system
8, Original Formula by All One,2170,10.716469292185069,Best vitamins for immune system
9, Natural Sources ELDERBERRY CONCENTRATE,1821,10.713032116317413,Best vitamins for immune system
10, Nature's Way Echinacea Root Complex,1872,10.70654089588566,Best vitamins for immune system
11, Maximum Living MineralRich Plus Aloe,1606,10.687324053475141,Best vitamins for immune system
12, Nature's Way Vitamin C 1000 with Rose Hips,1911,10.593050836357229,Best vitamins for immune system
13, Scotts Emulsion Original Cod Liver Oil With Vitamin A & D - 12.5 Oz,2603,10.398392977963908,Best vitamins for immune system
14, Nature's Way Reishi Extract,1900,9.98836743448355,Best vitamins for immune system
15," Yerba Prima Bentonite, Detox Pint, 16 Ounce",3182,9.953733647333854,Best vitamins for immune system
16, Elderberry Juice Concentrate 12.5 fl. oz.,885,9.94725327050352,Best vitamins for immune system
17," Balanceuticals Seabuckthorn Seed Oil, 500 mg Dietary Supplement Softgels, 60-Count Bottle",239,9.942096519142305,Best vitamins for immune system
18," Centrum Performance Multivitamin/Multimineral Supplement, Tablets",490,9.860159580236855,Best vitamins for immune system
19, ULTRA SOURCE OF LIFE W/LUTEIN,3030,9.740895901169079,Best vitamins for immune system
20, Stress B-Complex Caps by TwinLab 100 Capsules,2813,9.658946538842962,Best vitamins for immune system
21, Nature's Way Olive Leaf,1895,9.526188509796187,Best vitamins for immune system
22," Century Systems - Miracle 2000 Total Body Nutrition, 32 fl oz liquid",492,9.46805572459522,Best vitamins for immune system
23, Doctors Best High Absorption Magnesium,755,9.464011795424756,Best vitamins for immune system
24," Rainbow Light, Multivitamin",2473,9.462535661477672,Best vitamins for immune system
25, Oreganol - Oil of Wild Oregano,2166,9.423867708440508,Best vitamins for immune system
26, Rainbow Light Complete Prenatal System,2466,9.328021278044323,Best vitamins for immune system
27, PB 8,2199,9.296496161296286,Best vitamins for immune system
28," Optimum Nutrition Opti-Women, Women's Multivitamin",2137,9.267023644188944,Best vitamins for immune system
29, New Chapter Every Woman Multivitamins,1934,9.261707832352283,Best vitamins for immune system
30, Digestive Advantage - Daily Probiotic,718,9.251241370930344,Best vitamins for immune system
31," Nature's Way Echinacea and Goldenseal, 100 Capsules",1873,9.243518139084742,Best vitamins for immune system
32, Emergen-C Cranberry PomegraN/Ate,890,9.120376294823167,Best vitamins for immune system
33, Tahitian Noni Juice,2870,9.114487519411087,Best vitamins for immune system
34, THORNE RESEARCH - Bacillus Coagulans (formerly Lactobacillus Sporogenes) - 60's,2865,8.984750057150073,Best vitamins for immune system
35," Accuflora- Probiotic Acidophilus Dietary Supplement, 240 Caplets",72,8.977357480784008,Best vitamins for immune system
36, One a Day women's multi vitamin 250 tablets,2118,8.974234801497513,Best vitamins for immune system
37, VIBRANT HEALTH Green Vibrance Powder,3057,8.895583692871954,Best vitamins for immune system
38, Amazing Herbs Black Seed,112,8.891829061426,Best vitamins for immune system
39," Morningstar Minerals Energy Boost 70 Mineral Supplement , 32 oz (946 ml)",1703,8.836788800111444,Best vitamins for immune system
40, Greens+ Powder Original 9.4 oz Powder - 9.4 oz. - Powder,1134,8.749858840748452,Best vitamins for immune system
41," Nature's Plus - Source Of Life W/Whole Food, 180 tablets",1844,8.706547775154565,Best vitamins for immune system
42, Boiron Oscillococcinum,335,8.675626118687775,Best vitamins for immune system
43, Nature's Way Alive! Multivitamin,1854,8.57160428421643,Best vitamins for immune system
44, Wakunaga of America Company - Kyo-Green Drink Mix,3121,8.518355264085663,Best vitamins for immune system
45, Lypo-Spheric Vitamin C,1530,8.483722575768763,Best vitamins for immune system
46, Nature's Plus Liquid Source Of Life Oz - 30 OZ,1847,8.471789437811218,Best vitamins for immune system
47," bioAllers, Allergy Relief, Liquid, 1 fl oz",3218,8.38177832704418,Best vitamins for immune system
48, 100% PURE KOMBU EXTRACT MODIFILAN 500MG 90 CAPS,7,8.365093159347353,Best vitamins for immune system
49, Source Naturals Chlorella,2710,8.272953215615297,Best vitamins for immune system
50," Nature's Way Sambucus Immune Syrup, 8 Ounce",1902,8.21138159377636,Best vitamins for immune system
1, Little Remedies - New Parents Survival Kit,1507,7.871736923610273,Natural remedies for sleep
2, Diphenhydramine HCI 50 Mg Allergy Medicine and Antihistamine 1000 caps,726,7.719218183967623,Natural remedies for sleep
3, Valerian Root 530 mg by Nature's Way 100 Capsules,3061,7.6204170532285325,Natural remedies for sleep
4, Passion Flower 350 mg By Solaray - 100 Capsules,2264,7.593485980773509,Natural remedies for sleep
5, Rescue Remedy (20ml vial),2527,7.54393790486956,Natural remedies for sleep
6, Hylands Kids Kit,1288,7.304816400874676,Natural remedies for sleep
7, Lydia Pinkham Lydia Pinkham Herbal Liquid Supplement,1528,7.287733060564939,Natural remedies for sleep
8, Bach Flower Essences Rescue Sleep,225,7.276255412515798,Natural remedies for sleep
9, Ortho Molecular Product Natural D-Hist -- 120 Capsules,2175,6.938203817454582,Natural remedies for sleep
10," Source Naturals GABA Calm, Peppermint",2718,6.9376225550616955,Natural remedies for sleep
11, Bach Rescue Remedy Spray 20 ml,226,6.882589191180783,Natural remedies for sleep
12, Sombra Pain-Relieving Gel,2689,6.80744399135158,Natural remedies for sleep
13, Now Foods Holy Basil Extract,1978,6.782827212065023,Natural remedies for sleep
14, Nature's Way Valerian Standardized Extract,1909,6.699239136034268,Natural remedies for sleep
15," Boiron Homeopathic Medicine Camilia Teething Relief Single-Use Oral Doses, 20-Count Boxes (Pack of 2)",334,6.690025498492398,Natural remedies for sleep
16, Nature's Way Umcka Cherry Syrup (Alcohol Free),1908,6.681841006832723,Natural remedies for sleep
17, Source Naturals Melatonin 3mg Vegetarian Capsules,2740,6.661129056933394,Natural remedies for sleep
18," Enzymatic Therapy - Am/Pm Perimenopause Formula, 1 kit [Health and Beauty]",922,6.5866619396998605,Natural remedies for sleep
19," Himalaya Herbal Healthcare StressCare/Geriforte, Anti-Stress, 240 Vegetarian Capsules",1220,6.561475411278453,Natural remedies for sleep
20, Hylands Restful Legs,1290,6.362406885501187,Natural remedies for sleep
21," Hyland's Remedy Chest,30-Count Package",1283,6.358127903808159,Natural remedies for sleep
22, Somnatrol Insomnia Sleep Aid (60 Caps),2690,6.2514737787773065,Natural remedies for sleep
23, Hylands Homeopathic Bed Wetting Tablets 125 tabs,1286,6.250530268562835,Natural remedies for sleep
24, Nature's Bounty Nature's Bounty Melatonin,1836,6.206425692339135,Natural remedies for sleep
25, CryoDerm Analgesic Cryotherapy 3.0 oz Roll On - Pain Relief,644,6.168817485755584,Natural remedies for sleep
26, Doans extra strength pain reliever caplets - 24 ea,735,6.014839857850949,Natural remedies for sleep
27," New Chapter, Supercritical Stress Advantage - 60 softgels",1938,5.975910813969728,Natural remedies for sleep
28, Hylands Hylands Calms Forte Sleep Aid,1287,5.961989713741314,Natural remedies for sleep
29, Boiron Oscillococcinum,335,5.898071520776111,Natural remedies for sleep
30, Rescue Remedy 20 Milliliters,2528,5.827271513790679,Natural remedies for sleep
31, Health From the Sun /Arkopharma Mygrastick,1175,5.803649865465552,Natural remedies for sleep
32," Olbas Inhaler, 0.01 Ounce",2088,5.769989462247259,Natural remedies for sleep
33," GenTeal Severe Dry Eye Relief, Lubricant Eye Gel - .35 oz",1064,5.764662653054054,Natural remedies for sleep
34, New Chapter Estrotone,1933,5.752488486605832,Natural remedies for sleep
35," LEG CRAMPS, MUSCLE CRAMPS Natural Relaxant Valerin - 340 Capsules #6062",1435,5.731112160868454,Natural remedies for sleep
36, Mitigator Sting & Bite Treatment Scrub (1 Ounce Tube),1690,5.7304012188818545,Natural remedies for sleep
37, Bio-Active Silver Hydrosol - Immune Support Vertical Spray 2 fl.oz,285,5.7000209136138045,Natural remedies for sleep
38," L-Theanine Calm-Plex with GABA and 5-HTP (Suntheanine&reg;) (100 mg, 60 medium capsules)",1430,5.6962999305006825,Natural remedies for sleep
39, Emerita (Pro-Gest) Phytoestrogen Cream,891,5.687527289324069,Natural remedies for sleep
40, Source Naturals L-Tryptophan 500mg,2729,5.607647390026083,Natural remedies for sleep
41," Nature's Answer Passionflower Standardized, 60-Count",1832,5.554279826550081,Natural remedies for sleep
42, Source Naturals Theanine Serene with Relora,2765,5.547808756515697,Natural remedies for sleep
43, Swanson Premium Ashwagandha Powder 450 mg 100 Gelatin Caps,2851,5.5267719907699675,Natural remedies for sleep
44, Enzymatic Therapy Remifemin,930,5.525607500989883,Natural remedies for sleep
45, Nature's Way Maca,1889,5.506005967098014,Natural remedies for sleep
46, Pivotal Therapy - Choose,2342,5.49637104799962,Natural remedies for sleep
47," Snorestop Extinguisher, 0.4 Oz -Plastic Case",2671,5.481627942643417,Natural remedies for sleep
48, Melatonin 2.5 mg (Liquid) by Natrol,1643,5.463252889668345,Natural remedies for sleep
49, N.American Herb Spice - Oreganol (Oil Of Oregano),1751,5.4512978523311695,Natural remedies for sleep
50," Hyland's, Leg Cramps, 100 Tablets",1284,5.383235579301912,Natural remedies for sleep
1," Source Naturals SAMe, 200mg",2755,7.721283740204638,Top-rated fitness trackers
2, Mark of Fitness WS-820 Automatic Wrist Blood Pressure Monitor,1576,7.506688023257014,Top-rated fitness trackers
3, Mark of Fitness MF-81 Wrist Blood Pressure Monitor,1573,7.210994115921391,Top-rated fitness trackers
4, 4Ever Fit Fruit Blast the Isolate 2 lb (908 g),42,6.647189352548703,Top-rated fitness trackers
5, Natrol Tonalin CLA 1200mg,1803,6.62449562964389,Top-rated fitness trackers
6, Accu-Measure Fitness 3000 Personal Body Fat Tester,71,6.581320777272905,Top-rated fitness trackers
7," Omron HBF-306C Fat Loss Monitor, Black",2100,6.544944710736083,Top-rated fitness trackers
8, One-Pound Fat Replica 1Lb Fat Model Replica,2121,6.47186871728107,Top-rated fitness trackers
9, Stacker 2 Ephedra Free,2797,6.449422208996721,Top-rated fitness trackers
10," HDT Pro-Blend 55, 2 lb",1148,6.3430895475805835,Top-rated fitness trackers
11, Omron Body Logic Fat Loss Monitor model HBF-306C(Silver),2099,6.044671815470823,Top-rated fitness trackers
12, iSatori MX-LS7-Contain 7-Keto and Coleus Forskholii as featured on Dr OZ,3227,6.0228295873357816,Top-rated fitness trackers
13, MHP X-PEL,1545,5.761663936365299,Top-rated fitness trackers
14, Run Faster And Jump Higher With Springbak Athletic Springsoles,2552,5.493573273680797,Top-rated fitness trackers
15, Optimum Nutrition Complete Protein Diet Meal Shake Mix,2133,5.450632600514286,Top-rated fitness trackers
16," NOW Foods Creatine Monohydrate 1500mg, 100 Tablets",1764,5.432218825492476,Top-rated fitness trackers
17," MET-Rx - 2.54 oz. Packets, 18-Count",1543,5.300444935626405,Top-rated fitness trackers
18, Hydrozyne (72 Capsules) the Most Powerful Natural Diuretic Available Without a Prescription,1282,5.187237942736735,Top-rated fitness trackers
19, Jay Robb Egg White Protein Strawberry 24oz,1356,5.170263835593257,Top-rated fitness trackers
20, Prevention WS-820PV Wrist Blood Pressure Monitor,2410,5.161891691922811,Top-rated fitness trackers
21," Chef Jays Tri-O-Plex Cookies, 12 packs of 2 cookies",509,5.051033447024149,Top-rated fitness trackers
22," PureFit Nutrition Bar, 2-Ounce Bars (Pack of 15)",2447,5.0213416218514535,Top-rated fitness trackers
23, FatTrack GOLD Digital Body Fat Caliper with FREE MyoTape,968,4.995486746081013,Top-rated fitness trackers
24, Mark of Fitness MF-46 Auto-Inflate Digital Blood Pressure Monitor,1572,4.9678197470524745,Top-rated fitness trackers
25, Adult Organic Energy Sports Chews,85,4.94141721163154,Top-rated fitness trackers
26, Nature's First Aid Skin Care 2 oz,1837,4.913129350657096,Top-rated fitness trackers
27, Biotone Dual Purpose Creme,302,4.895881850851613,Top-rated fitness trackers
28, Ultimate Nutrition DHEA,3036,4.863867041703881,Top-rated fitness trackers
29, Taylor 5596W Body Fat and Body Water Scale with Daily Caloric reference,2884,4.842755435970075,Top-rated fitness trackers
30, ADC AD1024 Nylon Medical Bag,61,4.840654350860782,Top-rated fitness trackers
31, Five-Pound Fat Replica,990,4.838555088120684,Top-rated fitness trackers
32, Nature's Way Rhodiola Rosea,1901,4.772326897869604,Top-rated fitness trackers
33," Met-Rx Drink Mix, Berry Blast 20 pack ( Multi-Pack)",1664,4.743918777479571,Top-rated fitness trackers
34, OneTouch UltraMini Glucose Monitoring System 1 ea,2122,4.717840978687952,Top-rated fitness trackers
35, MyoTape Body Tape Measure,1744,4.699792344281815,Top-rated fitness trackers
36, Back-Huggar&reg; The Original Lumbar Cushion (Bucket Style),228,4.674356442683855,Top-rated fitness trackers
37," Twinlab Fuel, Tablets - 200 ea",3020,4.666416296813182,Top-rated fitness trackers
38," Valeo Yoga Mat, Purple",3060,4.6548546298592335,Top-rated fitness trackers
39, Harbinger Pro Thumb Loop WristWraps,1170,4.633589726183283,Top-rated fitness trackers
40, Acumen Eon Basix ES WP Womens Heart Rate Monitor,79,4.603003499716549,Top-rated fitness trackers
41," Thermotech Automatic Digital Moist Heating Pad Heating Pad, Beige",2951,4.524603128012489,Top-rated fitness trackers
42, EAS AdvantEdge Carb Control Nutrition Bar,858,4.512539645740594,Top-rated fitness trackers
43, Dymatize Nutrition Elite Whey Protein Powder,850,4.4301180169159595,Top-rated fitness trackers
44, Creatine Micronized,629,4.317974901948458,Top-rated fitness trackers
45, HoMedics SC-560 Tri-Fitness HealthStation Body Composition Scanner,1241,4.301328141729111,Top-rated fitness trackers
46, Bodyblade with DVD and chart,329,4.278237154503472,Top-rated fitness trackers
47, Hair Wash Basin Inflatable Ez Shampoo For Disabled,1162,4.232791040823263,Top-rated fitness trackers
48, Gu GU Energy Gel- 24 Pack,1137,4.142557230154367,Top-rated fitness trackers
49," Champion Nutrition Pure Whey Protein Stack, 60 packet box",499,4.141563551297125,Top-rated fitness trackers
50, Big 100 Colossal Bar,280,4.038224548423895,Top-rated fitness trackers
1, Bioplex Nutrition Pure WPI Nutritional Shake,296,12.61929778989811,Organic protein powders
2, Dymatize Nutrition Elite Whey Protein Powder,850,12.589808143241207,Organic protein powders
3, Optimum Nutrition 100% Egg Protein,2129,12.546846068243166,Organic protein powders
4," Champion Nutrition Pure Whey Protein Stack, 60 packet box",499,12.522034628127216,Organic protein powders
5," Jay Robb Enterprises - Whey Vanilla 24oz, 24 oz powder",1357,12.5189914813424,Organic protein powders
6, BSN Syntha-6 Protein Powder,219,12.485630935631145,Organic protein powders
7, Jay Robb Egg White Protein Strawberry 24oz,1356,12.415405894250714,Organic protein powders
8, Champion Nutrition WHEY STACK BANANA 2.2LB,501,12.339812764843554,Organic protein powders
9," Designer Whey - Designer Whey Strawberry, 2 lb powder",709,12.32880759793239,Organic protein powders
10, Optimum Nutrition 100% Any Whey Instantized Whey Protein,2128,12.253410847833825,Organic protein powders
11," Labrada Nutrition Carb Watchers Lean Body Hi-Protein Meal Replacement Shake, 2.29-Ounce Packets (Pack of 20)",1439,12.116588824691625,Organic protein powders
12, Zero Carb Isopure,3197,12.107312785212134,Organic protein powders
13," Nutribiotic - Rice Protein Chocolate, 22.9oz.",2042,12.105473787298855,Organic protein powders
14, Jarrow Formulas Brown Rice Protein Chocolate Flavor,1339,12.032792487174799,Organic protein powders
15, 100% Whey Protein - All Natural,9,11.892161996090957,Organic protein powders
16, Ultimate Nutrition Prostar Whey Strawberry,3038,11.873602165226348,Organic protein powders
17," Jay Robb Enterprises - Whey Vanilla Isolate, 12 oz powder",1358,11.867182425590912,Organic protein powders
18, MET Rx - Protein Plus - 2 lbs,1542,11.788678775195873,Organic protein powders
19, Twinlab 100% Whey Protein Fuel,3014,11.75238896727996,Organic protein powders
20," Syntrax Nectar Whey Protein Isolate, Powder",2862,11.674951688009518,Organic protein powders
21, Solgar - Whey To Go - Whey Protein Powder,2686,11.629080504267598,Organic protein powders
22, Beverly International Ultimate Muscle 2 lbs,278,11.545425634212018,Organic protein powders
23, NUTRIBIOTIC VEGAN RICE PROTEIN Vanilla 3 lb.,1783,11.531599177845568,Organic protein powders
24, CytoSport Complete Whey Protein,660,11.50476243232075,Organic protein powders
25, Optimum Nutrition 100% Whey Gold Standard,2130,11.47976710615233,Organic protein powders
26, CytoSport Muscle Milk Ready-to-Drink Shake,665,11.295226054953755,Organic protein powders
27, Now Foods WHEY PROTEIN,1998,11.267515290621677,Organic protein powders
28," 100% Whey, Vanilla 5 lb",11,11.263056265954631,Organic protein powders
29," 100% Whey, Chocolate Mint 5 lb",10,11.263056265954631,Organic protein powders
30, Optimum Nutrition 100% Whey Gold Standard Natural Whey,2131,11.263056265954631,Organic protein powders
31, Nature's Plus Spiru-Tein High Protein Energy Meal,1848,11.185060555921073,Organic protein powders
32," Bob's Red Mill Isolated Soy Protein Powder, 14-Ounce Packages (Pack of 4)",320,11.168606098610262,Organic protein powders
33," N Large Powder, 3.8 lb",1748,11.141457705656954,Organic protein powders
34, Next Nutrition - Designer Whey Protein - 5 lbs - Chocolate Peanut Caramel,1941,10.967011642380541,Organic protein powders
35, EAS AdvantEdge 100% Whey Protein,857,10.873133113254209,Organic protein powders
36, Real Gains,2485,10.78541850884028,Organic protein powders
37, DESIGNER WHEY Protein Supplement Powder,671,10.649936809115449,Organic protein powders
38, Optimum Pro-Complex Vanilla 2.2 lb,2140,10.511010597950106,Organic protein powders
39," Optimum Nutrition Pro Complex, 4.6 Pound",2138,10.511010597950106,Organic protein powders
40," Nature's Way Alive! Soy Shake, Apple Cinnamon, 1.3 Pound",1856,10.425361094676946,Organic protein powders
41," Alive! Soy Ultra-Shake Apple & Cinn, 2.2 lbs Powder",96,10.425361094676946,Organic protein powders
42, Greens Plus - Protein Bars - 12 Bars,1133,10.156057138492166,Organic protein powders
43, Source Naturals Spirulina Powder,2762,10.105676182273918,Organic protein powders
44, Complete Whole Food Health Optimizer Natural Flavor By Vega - 36.6 Ounces,596,10.087361754982394,Organic protein powders
45," Vitol 100% Egg Protein, 12 oz (340 g)",3089,10.002417837767101,Organic protein powders
46, Healthy 'n Fit Egg Protein 100%,1180,9.861716222740437,Organic protein powders
47, FitSmart Shake Old Fashioned Vanilla By Fiber 35 Diet - 1lb 7oz From Brenda Watson Fiber35,989,9.84794881499672,Organic protein powders
48, Natural Factors Whey Factors Chocolate,1814,9.655878624506215,Organic protein powders
49, Dymatize Nutrition ISO 100 Whey Protein Powder,851,9.654929707656262,Organic protein powders
50, Nature's Way Alive! Pea Shake,1855,9.61531371260989,Organic protein powders
1," ENTSOL Spray, Buffered Hypertonic Saline Nasal Spray - 100 ml",861,13.710653817448165,Effective allergy relief medications
2," Claritin Allergy 24 Hour Tablets, 10 mg",529,13.219622576345653,Effective allergy relief medications
3, Ortho Molecular Product Natural D-Hist -- 120 Capsules,2175,13.03935747833351,Effective allergy relief medications
4, Sinucleanse Sinucleanse Neti Pot All Natural Nasal Wash System Kit,2649,12.115732644068967,Effective allergy relief medications
5, NOW QUERCETIN with BROMELAIN - 120 Vcaps,1781,11.427490603139127,Effective allergy relief medications
6," Boiron - Sabadil, 60 tablets",332,11.308796079093375,Effective allergy relief medications
7, Sinus Buster Classic Formula by Sinus Buster - .68 Ounces,2650,11.26431296879404,Effective allergy relief medications
8, Biotene Dental Products Biotene Oralbalance Dry Mouth Moisturizer Gel,300,11.147877946741673,Effective allergy relief medications
9, Ridgecrest Herbal Clearlungs Red/Herbal,2533,11.112964545055412,Effective allergy relief medications
10, Nasalcrom Nasalcrom Nasal Allergy Symptom Controller Spray,1790,11.09651142616547,Effective allergy relief medications
11, Ancient Secrets Nasal Cleansing Pot,131,10.98829646688546,Effective allergy relief medications
12," GenTeal Severe Dry Eye Relief, Lubricant Eye Gel - .35 oz",1064,10.76593378036009,Effective allergy relief medications
13, Grossan Hydro Pulse Nasal and Sinus Irrigation System with the Original Grossan Sinus Tip,1136,10.668361469110076,Effective allergy relief medications
14," NeilMed's Sinus Rinse Pre-Mixed Packets, 100-Count Boxes (Pack of 2)",1923,10.37404725562591,Effective allergy relief medications
15, Original Himalayan Crystal Salt Inhaler,2171,10.18799841905744,Effective allergy relief medications
16, Mucinex Extended-Release Bi-Layer Tablets,1727,10.151710013880964,Effective allergy relief medications
17," NeilMed Sinus Rinse, Premixed 50 Sachets",1922,10.080685989336269,Effective allergy relief medications
18," Migra-Eeze&#0153;, Standardized Butterbur-Ginger-Riboflavin Formula, 60 softgels",1683,9.564062489106881,Effective allergy relief medications
19, Hylands Homeopathic Arnica Montana 30X 250 Tablets,1285,9.455660629007813,Effective allergy relief medications
20, Diphenhydramine HCI 50 Mg Allergy Medicine and Antihistamine 1000 caps,726,9.333345883385508,Effective allergy relief medications
21, Clemastine Fumarate 1.34Mg Antihistamine Tab 100each,545,9.326649858141202,Effective allergy relief medications
22, Irwin Naturals Ginko Smart,1326,9.10934635050964,Effective allergy relief medications
23, Source Naturals Activated Quercetin,2702,9.108610086358626,Effective allergy relief medications
24, Sinus Rinse Premixed Packets 100 Pkts,2651,9.092092477166089,Effective allergy relief medications
25, Heel Inc Traumeel,1192,9.037291804894918,Effective allergy relief medications
26, Vicks Personal Steam Inhaler,3074,8.974870735533301,Effective allergy relief medications
27, QBC PLEX Quercetin Bromelain Vitamin C Complex By Solaray - 120 Capsules,2449,8.838003518655373,Effective allergy relief medications
28," Yerba Prima Bentonite, Detox Pint, 16 Ounce",3182,8.60610349532609,Effective allergy relief medications
29, NatureWorks Swedish Bitters,1915,8.453416978135454,Effective allergy relief medications
30," Prilosec OTC Acid Reducer, Delayed-Release Tablets",2412,8.429782111141876,Effective allergy relief medications
31, Boswellia 400 mg 100 Caps - Swanson Premium,344,8.419783689707296,Effective allergy relief medications
32, Benzedrex Nasal Decongestant Inhaler (Pack of 3),275,8.417948748615709,Effective allergy relief medications
33," Seagate Olive Leaf Nasal Spray, 1 fl. oz.",2607,8.29376613971109,Effective allergy relief medications
34," Visine Tears Lubricant Eye Drops for Dry Eye Relief, 0.5 Ounce",3083,8.213740721738166,Effective allergy relief medications
35, Flexall 454 & Maximum Strength 454 Pain Relief,994,8.088096245258258,Effective allergy relief medications
36, Amazing Herbs Black Seed,112,8.079860698966876,Effective allergy relief medications
37, Oreganol - Oil of Wild Oregano,2166,8.058738028859302,Effective allergy relief medications
38," Simply Gargle Salt Water Rinse, 0.4-Ounce Ampules in 12-Count Boxes pack of 3",2647,8.057012409056203,Effective allergy relief medications
39," Nutribiotic - Gse Liquid Concentrate, 2 fl oz liquid",2040,7.948111597263907,Effective allergy relief medications
40," Benadryl Allergy Quick Dissolve Strips, Vanilla Mint For Allergy Relief - 10 ea",271,7.84826710764046,Effective allergy relief medications
41, Diphenhydramine HCl 25 Mg Allergy Medicine and Antihistamine Compare to Active Ingredient of Benadryl Allergy Generic - 400 Tablets,727,7.647823360813342,Effective allergy relief medications
42," Nutribiotic - Defense Plus Maximum Strength, 250 mg",2038,7.612157301629028,Effective allergy relief medications
43, Nose Better Nose Better Non-Greasy Aromatic Relief Gel,1969,7.578174494405959,Effective allergy relief medications
44, Jarrow Formulas MSM Sulfur,1349,7.404058833674107,Effective allergy relief medications
45, Doctors Best Best Serrapeptase,753,7.314918478694067,Effective allergy relief medications
46, Ponaris Ponaris Nasal Emollient,2356,7.25969070026902,Effective allergy relief medications
47, Blomdahl Silver Titanium Bezel Crystal Earrings,311,7.230894964894572,Effective allergy relief medications
48, Rohto Rohto Ice Redness Relief Eye Drops,2539,7.113131302292402,Effective allergy relief medications
49, Lobob Lobob Optimum Wetting And Rewetting Drops,1516,7.04020850476417,Effective allergy relief medications
50, Dulcolax Laxative Comfort Shaped Suppositories,792,7.038989141464256,Effective allergy relief medications
1, Nature's Way B-100 Complex,1858,10.39744207636739,release anxiety
2, Life Extension Vitamin B3 Niacin,1468,10.035193390834309,release anxiety
3, Source Naturals Theanine Serene with Relora,2765,9.707368956893264,release anxiety
4, Melatonin - Time Released (3mg),1642,9.42920979929927,release anxiety
5, Nature's Way 5-Htp 50 mg,1852,9.356644517135,release anxiety
6," Source Naturals 5-HTP, 100mg",2699,9.190321629931445,release anxiety
7, MindPlace Proteus USB Light & Sound Meditation Mind Machine,1685,8.754841393352605,release anxiety
8, Stacker 3,2798,8.657232774955474,release anxiety
9, Hylands Hylands Calms Forte Sleep Aid,1287,8.288625583502375,release anxiety
10, Source Naturals Inositol/Choline 400mg/400mg,2725,7.605677182839026,release anxiety
11, NicoDerm CQ STEP 1 - 3 Week Kit - 21 Clear 21 mg Nicotine Patches,1947,7.208191306652876,release anxiety
12," Nature's Way Vitex Fruit 400mg, (Gelatin) Capsules",1913,6.932373175602937,release anxiety
13," Anxietol 7 (60 Capsules) Reduces Symptoms of Stress, Anxiety & Depression",144,6.844566666511447,release anxiety
14, Now Foods True Calm Amino Relaxer,1994,6.80481867935471,release anxiety
15," BioNeurix Seredyn Capsules, 60-Count",291,6.783322183756736,release anxiety
16, Source Naturals L-Theanine 200mg,2728,6.7172726599181125,release anxiety
17, Enzymatic Therapy L-Theanine,929,6.703218483257326,release anxiety
18," Nature's Answer Passionflower Standardized, 60-Count",1832,6.655490859320815,release anxiety
19, L-Theanine 200 mg Suntheanine by Now Foods 60 Vegetarian Capsules,1429,6.566966933773481,release anxiety
20, Herb Pharm Passionflower,1197,6.561004165126967,release anxiety
21," Now Foods, Relora 300 mg",2017,6.524200326011201,release anxiety
22, Rescue Remedy (20ml vial),2527,6.416048338531954,release anxiety
23, Source Naturals St. John's Wort 300mg,2763,6.4029431080707795,release anxiety
24, Swanson Premium Ashwagandha Powder 450 mg 100 Gelatin Caps,2851,6.400368724399217,release anxiety
25, Passion Flower 350 mg By Solaray - 100 Capsules,2264,6.394211403770825,release anxiety
26," NATURE'S WAY, Valerian Root - 180 caps",1752,6.379281712555298,release anxiety
27, Bach Rescue Remedy Spray 20 ml,226,6.351800649757417,release anxiety
28," Now Foods, 5-HTP 100 mg Vegetarian",2000,6.342453257053873,release anxiety
29," Cardiovascular Research - Magnesium Taurate, 125 mg, 60 capsules",453,6.340812970304224,release anxiety
30," L-Theanine Calm-Plex with GABA and 5-HTP (Suntheanine&reg;) (100 mg, 60 medium capsules)",1430,6.336744611595114,release anxiety
31, Source Naturals Theanine Serene,2764,6.332857916473632,release anxiety
32, New Chapter Supercritical Holy Basil,1936,6.3170283003418755,release anxiety
33," Now Foods, Kava Kava 250 mg",2009,6.274321724469979,release anxiety
34, Jarrow Formulas Inositol,1344,6.273481327958049,release anxiety
35, NOW Foods 5-htp,1759,6.263794346230321,release anxiety
36, Source Naturals L-Tryptophan 500mg,2729,6.240406792784485,release anxiety
37, Natural Calm Natural Vitality,1807,6.209817137821194,release anxiety
38, Natural Balance Happy Camper,1805,6.175676523498413,release anxiety
39," Relacore- Stress-Related Abdominal Obesity Supplement,110 caps",2494,6.096942222951386,release anxiety
40, 5-HTP 200 mg - 60 Vcaps,45,6.08676667202262,release anxiety
41," Source Naturals GABA Calm, Orange",2717,6.063168681692455,release anxiety
42, Kira St Johns Wort Tablets - 45 Tablets,1405,6.059222709824683,release anxiety
43, Source Naturals Hot Flash,2721,6.056359246692496,release anxiety
44, Gaba 500 mg 100 Caps,1050,6.0272537068193355,release anxiety
45, The Journey to Wild Divine Biofeedback Software & Hardware for PC & Mac,2913,6.016629812961872,release anxiety
46," Cardiovascular Research - Magnesium Taurate, 125 mg, 180 capsules",452,5.941745101726849,release anxiety
47, Mucinex Extended-Release Bi-Layer Tablets,1727,5.92597100331667,release anxiety
48, Pivotal Therapy - Choose,2342,5.91421592855366,release anxiety
49, SERIPHOS - 100 - Capsule,2560,5.910114401014051,release anxiety
50, Jarrow Formulas EPA-DHA Balance,1342,5.901937604613131,release anxiety
1, Garden of Life Primal Defense Ultra Ultimate Probiotics Formula,1057,17.261916972650052,Recommended probiotics for gut health
2, Digestive Advantage - Daily Probiotic,718,16.88851522397693,Recommended probiotics for gut health
3, THORNE RESEARCH - Bacillus Coagulans (formerly Lactobacillus Sporogenes) - 60's,2865,16.544947242225295,Recommended probiotics for gut health
4, Garden of Life Primal Defense,1056,15.953081433600538,Recommended probiotics for gut health
5, Kyolic Kyo-Dophilus,1423,15.753904144202641,Recommended probiotics for gut health
6, Enzymatic Therapy Acidophilus Pearls,923,15.406050562902085,Recommended probiotics for gut health
7," Florastor - 50 count, 250mg",999,15.237762359839348,Recommended probiotics for gut health
8," ReNew Life Ultimate Flora Critical Care 50 Billion, Vegetable Capsules",2483,14.936002730860336,Recommended probiotics for gut health
9, Ortho Molecular Product Ortho Biotic -- 60 Capsules,2176,14.569465845679069,Recommended probiotics for gut health
10, Healthy Trinity (Dairy-free) by Natren - 60 Capsules Probiotics,1181,14.488099605080837,Recommended probiotics for gut health
11, Natures Way Primadophilus,1916,14.213224264079754,Recommended probiotics for gut health
12, Thorne Research - Formula SF722 250 Capsules,2955,13.640990797982312,Recommended probiotics for gut health
13, Culturelle Culturelle Probiotic,651,13.35238123510105,Recommended probiotics for gut health
14," Threelac Probiotic Dietary Supplement, Natural Lemon Flavor, Includes 60 .053-Ounce Packets",2956,13.219615911244617,Recommended probiotics for gut health
15, Jarrow Formulas Jarro-dophilus + Eps,1345,12.79153155780006,Recommended probiotics for gut health
16," Garden of Life Super Seed Beyond Fiber, 600-Grams",1058,11.9468386353223,Recommended probiotics for gut health
17, NOW Foods Super Enzymes,1774,11.228448806583671,Recommended probiotics for gut health
18," Digestive Advantage Daily Dietary Management of Crohn's & Colitis Caplets, 32-Count Boxes (Pack of 2)",719,11.226055489007557,Recommended probiotics for gut health
19, NOW CANDIDA CLEAR Vegetarian Capsules,1756,11.00127163932594,Recommended probiotics for gut health
20, Probiotic Defense by Now Foods 90 Vegetarian Capsules,2434,10.19754828269763,Recommended probiotics for gut health
21," Global Health Trax Fivelac, .053 Ounce Packets 60-Count",1107,10.048689235862533,Recommended probiotics for gut health
22, Pure Essence Candex,2443,9.973837960290195,Recommended probiotics for gut health
23, PB 8,2199,9.890371660850613,Recommended probiotics for gut health
24," Source Naturals Daily Essential Enzymes, 500mg",2714,9.813263147142958,Recommended probiotics for gut health
25," Metamucil Fiber Supplement, Clear & Natural",1666,9.775428917824735,Recommended probiotics for gut health
26, Renew Life CandiZyme,2525,9.726790684356338,Recommended probiotics for gut health
27, Rainbow Light Just Once Prenatal One Multivitamin,2469,9.535815128119118,Recommended probiotics for gut health
28, Source Naturals L-Theanine 200mg,2728,9.465766615403783,Recommended probiotics for gut health
29, Primadophilus Children by Nature's Way 5 Ounces,2413,9.206697301370758,Recommended probiotics for gut health
30, Heather's Tummy Tea Fennel Tea Bags for Irritable Bowel Syndrome ~ Heather's Tummy Teas Organic Fennel Teabags (45 Jumbo Teabags),1188,9.14115584496164,Recommended probiotics for gut health
31, VIBRANT HEALTH Green Vibrance Powder,3057,8.915675989237739,Recommended probiotics for gut health
32, George's Aloe Vera Aloe Vera Liquid,1070,8.687393287131883,Recommended probiotics for gut health
33, One a Day women's multi vitamin 250 tablets,2118,8.575361019750435,Recommended probiotics for gut health
34, Nutrition Now Pb 8 Acidophilus,2044,8.481620415080151,Recommended probiotics for gut health
35," Accuflora- Probiotic Acidophilus Dietary Supplement, 240 Caplets",72,8.464904314639956,Recommended probiotics for gut health
36, Perfect Food - Super Green Formula,2275,8.408855402004505,Recommended probiotics for gut health
37," Nutribiotic - Gse Liquid Concentrate, 2 fl oz liquid",2040,8.340358608675809,Recommended probiotics for gut health
38," Digestive Advantage Intensive Bowel Support, 96 Counts Capsules",721,8.30845260883947,Recommended probiotics for gut health
39, Natural Factors DGL Licorice Root Extract,1810,8.079351846886642,Recommended probiotics for gut health
40, Symbiotics Colostrum Plus Powder,2861,8.041769766886436,Recommended probiotics for gut health
41, Jarrow Formulas L-Glutamine Powder,1348,7.915513774297046,Recommended probiotics for gut health
42, AIM Herbal Fiberblend Raspberry Powder,68,7.736337091826183,Recommended probiotics for gut health
43," Seagate Olive Leaf Nasal Spray, 1 fl. oz.",2607,7.454794148759839,Recommended probiotics for gut health
44, Living Multi Optimal Formula,1510,7.428924826376795,Recommended probiotics for gut health
45, Source Naturals L-Glutamine Powder,2727,7.316468207872257,Recommended probiotics for gut health
46, Super Colon Cleanse with Herbs & Acidophilus By Health Plus - 240 Capsules,2838,7.26950252901219,Recommended probiotics for gut health
47, Heather's Tummy Fiber POUCH Organic Acacia 16 oz. for Irritable Bowel Syndrome,1187,7.260786896278011,Recommended probiotics for gut health
48," Source Naturals DIM (Diindolylmethane) 100mg, 120 Tablets",2713,7.17906756171399,Recommended probiotics for gut health
49, Probios Dispersable Powder,2433,7.062939514743929,Recommended probiotics for gut health
50, L-Arginine Powder by Now Foods 1 lb.,1426,6.876843721587173,Recommended probiotics for gut health
1, Aura Cacia - Lavender Essential Oil,175,10.98284786152129,Essential oils for stress relief
2, Source Naturals Calcium D-Glucarate 500mg,2708,9.064915332640998,Essential oils for stress relief
3, Ponaris Ponaris Nasal Emollient,2356,8.368811623772082,Essential oils for stress relief
4, Quantum Super Lysine Plus+,2453,8.234785707134762,Essential oils for stress relief
5, NOW Foods Tea Tree Oil,1775,7.798300956696105,Essential oils for stress relief
6, Irwin Naturals Women's Living Green Liquid-Gel Multi,1328,7.765811080868085,Essential oils for stress relief
7, NOW Foods Lavender Oil,1767,7.567401012732228,Essential oils for stress relief
8, Now Foods Organic Macadamia Oil Pure,1987,7.288836509149771,Essential oils for stress relief
9, Now Foods Lemon Oil,1981,7.224545342085126,Essential oils for stress relief
10, Ginseng Vitality Tea 16 Bags,1096,7.186231140233151,Essential oils for stress relief
11, Nature's Answer Liquid Omega 3 Deep Sea Fish Oil Epa/dha,1830,7.1674225465983366,Essential oils for stress relief
12, Now Foods Vitamin A 25000 IU,1997,7.129964487471856,Essential oils for stress relief
13, Herb Pharm Lemon Balm Extract,1196,7.080159390833078,Essential oils for stress relief
14, Adovia Acne Soap - All Natural Acne Relief (From Dead Sea Mineral Mud),83,7.040556436669402,Essential oils for stress relief
15, Thunder Ridge Emu Products Emu Oil 16 oz,2957,6.879329728931223,Essential oils for stress relief
16," Sombra Cool Therapy Natural Pain Relieving Gel Roll On, 3-Ounce",2688,6.826164342170145,Essential oils for stress relief
17, Source Naturals L-Theanine 200mg,2728,6.735303365319153,Essential oils for stress relief
18," FLA Orthopedics Soft Form Posture Control Brace, Beige",958,6.69970904587254,Essential oils for stress relief
19, Tecnu Poison Ivy Scrub by Tecnu,2891,6.691800204209153,Essential oils for stress relief
20," Now Foods, Relora 300 mg",2017,6.689875161432745,Essential oils for stress relief
21, Tei fu Essential Oils (0.17 FL OZ),2892,6.689755792567977,Essential oils for stress relief
22," Source Naturals Relora, 250mg",2754,6.611499594045425,Essential oils for stress relief
23, PONARIS NASAL EMOLLIENT Size,2201,6.611113230334249,Essential oils for stress relief
24, Rescue Remedy 20 Milliliters,2528,6.603213057953477,Essential oils for stress relief
25, NOW Foods Jojoba Oil Pure,1766,6.536189529104424,Essential oils for stress relief
26, NOW Foods Peppermint Oil,1772,6.529206828094214,Essential oils for stress relief
27, Now Foods M.S.M,1982,6.526723622390677,Essential oils for stress relief
28, Aura Cacia Aromatherapy Mist,176,6.373680056520822,Essential oils for stress relief
29, Kinesio Tex Tape,1403,6.35270661046831,Essential oils for stress relief
30, Essential Oil Home Aromatherapy Sampler Set- 6/10 ml.,938,6.351683461401865,Essential oils for stress relief
31, Heritage Products Castor Oil,1211,6.3421764190268926,Essential oils for stress relief
32, Pearlessence Spa Mist,2265,6.328770361193742,Essential oils for stress relief
33, Carlson Labs Norwegian Cod Liver Oil,468,6.300083967829994,Essential oils for stress relief
34, Essential Oil Carrying Case Presentation Portfolio,937,6.288123451367866,Essential oils for stress relief
35, Now Foods Orange Oil,1985,6.2592282114073265,Essential oils for stress relief
36, Natural Selection Bath and Body's 1/3 oz Fragrance Oil,1818,6.226231962875058,Essential oils for stress relief
37, Handstands Cyber Gel Squeeze Ball - Colors may vary,1167,6.216952866696008,Essential oils for stress relief
38, Nature's Secret Candistroy (2-60 Tablets),1849,6.216257018779743,Essential oils for stress relief
39," Relacore- Stress-Related Abdominal Obesity Supplement,110 caps",2494,6.208114713198125,Essential oils for stress relief
40, Dr. Bronner'S Organic Bar Soaps Pure Castile,764,6.204630521631407,Essential oils for stress relief
41, Foot Baths - heated foot bath,1014,6.181066398165631,Essential oils for stress relief
42, Trigger Point Ultimate Six Kit,2988,6.171944522465051,Essential oils for stress relief
43, New Chapter Supercritical Holy Basil,1936,6.088875561785546,Essential oils for stress relief
44, Nature's Answer White Willow,1834,6.071242165665449,Essential oils for stress relief
45, Source Naturals Theanine Serene with Relora,2765,6.069164370085886,Essential oils for stress relief
46, Africa's Best Ultimate Herbal Oil 8 oz.,89,6.054455777624566,Essential oils for stress relief
47, Surya Henna Henna Cream Light Brown,2848,6.043991489015786,Essential oils for stress relief
48, L-Theanine 200 mg Suntheanine by Now Foods 60 Vegetarian Capsules,1429,6.034232787805348,Essential oils for stress relief
49, Jarrow Formulas Coconut Oil 100% Organic Extra Virgin,1340,6.033033377641823,Essential oils for stress relief
50, Dermalogica Special Cleansing Gel (select option/size),705,6.0247135672787735,Essential oils for stress relief
1, Vanicream Lip Protectant SPF 30 - 0.35 oz,3062,13.118156787575836,Top-rated sunscreen for sensitive skin
2, Avon SKIN-SO-SOFT Bug Guard PLUS IR3535&reg; Insect Repellent Moisturizing Lotion - Clearance SPF 30 Gentle Breeze,191,12.613292509259649,Top-rated sunscreen for sensitive skin
3, Rit Sun Guard Laundry Treatment UV Protectant - si,2536,12.019416420044871,Top-rated sunscreen for sensitive skin
4, Aubrey Organics,173,11.20552459460506,Top-rated sunscreen for sensitive skin
5, NeoCutis Bio-Cream - Bio-Restorative Skin Cream with PSP,1924,10.960820030369254,Top-rated sunscreen for sensitive skin
6, Source Naturals Skin Eternal Cream,2757,10.385920017584876,Top-rated sunscreen for sensitive skin
7, Black Opal Dual Complex Fade Gel .9 oz.,307,10.120294266706663,Top-rated sunscreen for sensitive skin
8, Ambi Fade Cream Normal 2 oz.,116,10.104856807769192,Top-rated sunscreen for sensitive skin
9," Blistex DCT, .25-Ounce Pots (Pack of 12)",310,9.77233250329789,Top-rated sunscreen for sensitive skin
10," Burt's Bees Repair Serum, 1-Ounce Bottle",414,9.723771010721329,Top-rated sunscreen for sensitive skin
11, Burt's Bees Beeswax Lip Balm Tin 0.30 Oz,412,9.372745498620928,Top-rated sunscreen for sensitive skin
12, Burt's Bees Beeswax Lip Balm Tin,411,9.372745498620928,Top-rated sunscreen for sensitive skin
13, Johnson's Soothing Naturals Soothe & Protect Balm - 0.5 Oz,1386,9.32875672869476,Top-rated sunscreen for sensitive skin
14, Herpecin L,1215,9.272944130247751,Top-rated sunscreen for sensitive skin
15," Dr. Blaine's ScarCare Gel Pad, 1-Count Boxes",762,9.228787566192501,Top-rated sunscreen for sensitive skin
16, Grandpa's Brands Company Pine Tar Soap,1122,8.961506198622155,Top-rated sunscreen for sensitive skin
17, Thylox Medicated Soap - 3.25 oz. - Bar,2958,8.896458756191423,Top-rated sunscreen for sensitive skin
18, NOW Foods Calcium/magnesium 1000/500 mg,1762,8.870604750869205,Top-rated sunscreen for sensitive skin
19, Reviva Alpha Lipoic Acid,2531,8.684197318203212,Top-rated sunscreen for sensitive skin
20, Neutrogena Advanced Solutions At Home MicroDermabrasion System,1928,8.668736100750275,Top-rated sunscreen for sensitive skin
21, Badger Healing Balm,233,8.609020940654144,Top-rated sunscreen for sensitive skin
22, Derma e Peptides Plus Creme,700,8.320135757905202,Top-rated sunscreen for sensitive skin
23, Derma e Microdermabrasion Scrub,699,8.282612683154436,Top-rated sunscreen for sensitive skin
24," Neutrogena Norwegian Formula Lip Moisturizer, SPF 15, 0.15 Ounce",1931,8.008479152652006,Top-rated sunscreen for sensitive skin
25," Water Jel Burn Jel, Pain Relief 25 ea",3124,7.901693889653728,Top-rated sunscreen for sensitive skin
26, Olympian Labs Grape Seed Extract,2092,7.3056422700420764,Top-rated sunscreen for sensitive skin
27, Alba Botanica Body Wash,92,7.148113449502334,Top-rated sunscreen for sensitive skin
28, Aloe life Skin Gel - 8 oz - Liquid,109,7.058757058447088,Top-rated sunscreen for sensitive skin
29, Laura Mercier Tinted Moisturizer - Oil Free,1451,6.915863501467309,Top-rated sunscreen for sensitive skin
30, Cutter Advanced 6-Ounce 7-Percent Picaridin Insect Repellent Pump Spray,656,6.899107307205947,Top-rated sunscreen for sensitive skin
31, Makari Oralight,1567,6.302490413766616,Top-rated sunscreen for sensitive skin
32, Labello Classic Lip Balm 5 g stick,1438,6.280975556972512,Top-rated sunscreen for sensitive skin
33, NOW Foods Tea Tree Oil,1775,5.85496903042309,Top-rated sunscreen for sensitive skin
34, Foot Creme,1015,5.768211393419473,Top-rated sunscreen for sensitive skin
35, Burts Beeswax Lip Balm - 0.15 oz,415,5.225077547810762,Top-rated sunscreen for sensitive skin
36," First Aid Only Outdoor First Aid Kit, Soft Case, 205-Piece Kit",983,5.057926405863698,Top-rated sunscreen for sensitive skin
37, NatureWorks Swedish Bitters,1915,4.5757341869704184,Top-rated sunscreen for sensitive skin
38, Eucerin Eucerin Q10 Anti-Wrinkle Sensitive Skin Creme,942,4.220379720747033,Top-rated sunscreen for sensitive skin
39, Jarrow Formulas Coconut Oil 100% Organic Extra Virgin,1340,4.186310355489178,Top-rated sunscreen for sensitive skin
40," BIC Single Blade Shaver, Sensitive, 12-Count (Pack of 12)",203,4.16444867938654,Top-rated sunscreen for sensitive skin
41, Mustela Dermo-cleansing,1741,4.110666143397603,Top-rated sunscreen for sensitive skin
42, Kiss My Face Soap Oz Bar Soap,1408,4.104815748138921,Top-rated sunscreen for sensitive skin
43, Derma e Pycnogenol Cream with Vitamins C E & A,701,4.088428051580044,Top-rated sunscreen for sensitive skin
44," Nivea for Men Sensitive After Shave Extra Soothing Balm, 3.3-Ounce Bottles (Pack of 4)",1954,4.087786652661493,Top-rated sunscreen for sensitive skin
45, Proraso Proraso Liquid Cream After-Shave 3.4oz,2439,4.023816150767127,Top-rated sunscreen for sensitive skin
46, Hypafix Dressing Retention Tape,1291,4.017479893458299,Top-rated sunscreen for sensitive skin
47, Aloe Vera Deodorant Stick by Jason 2.5 Ounces,106,4.00229637327874,Top-rated sunscreen for sensitive skin
48, Mustela 2 in 1 Hair & Body Shampoo,1740,3.991870922610933,Top-rated sunscreen for sensitive skin
49, THERANEEM MAX CLEANSING BAR,2864,3.9490721045427306,Top-rated sunscreen for sensitive skin
50," Planet Ultra Liquid Laundry Detergent, 100 Fluid-Ounce Bottles (Pack of 4)",2345,3.936783009726484,Top-rated sunscreen for sensitive skin
1, EAS AdvantEdge Carb Control Nutrition Bar,858,11.461402736621078,Healthy snacks for weight loss
2," SlimFast Shake Mix, 12.83-Ounce (Pack of 3)",2660,10.883786935445341,Healthy snacks for weight loss
3, Bioplex Nutrition Pure WPI Nutritional Shake,296,10.875239248667748,Healthy snacks for weight loss
4," Slim Fast Chocolate Royale Shake Mix Powder, 31.18 oz",2657,10.610792292485053,Healthy snacks for weight loss
5, One-Pound Fat Replica 1Lb Fat Model Replica,2121,10.399986375554263,Healthy snacks for weight loss
6, Natrol Tonalin CLA 1200mg,1803,10.3027280270578,Healthy snacks for weight loss
7, Almased Almased Multi Protein Powder,105,9.779992787186886,Healthy snacks for weight loss
8," ExtendBar, Peanut Butter Chocolate Delight, 1.41-Ounce Bars (Pack of 15)",951,9.27831410112432,Healthy snacks for weight loss
9, Twinlab Ripped Fuel,3023,9.257112969856715,Healthy snacks for weight loss
10," Alli Weight-Loss Aid, Orlistat 60mg Capsules, Starter Pack",104,9.222716969596569,Healthy snacks for weight loss
11," Now Foods, Relora 300 mg",2017,9.089701562828996,Healthy snacks for weight loss
12, Atkins Endulge Bars,170,8.69868352215263,Healthy snacks for weight loss
13, Herbalife Formula 1 Nutritional Shake Mix,1205,8.681806825123132,Healthy snacks for weight loss
14, Herbalife Formula 1 Nutritional Shake Mix (550g) - Cookies n Cream,1206,8.681806825123132,Healthy snacks for weight loss
15, Lipovarin 150 Caps Thermogenic Weight Loss Diet Pill,1497,8.638804337885322,Healthy snacks for weight loss
16, Detour Deluxe Whey Protein Energy Bar,711,8.547966743999915,Healthy snacks for weight loss
17," CarbRite Bar, 12 bars",450,8.368996951783837,Healthy snacks for weight loss
18, Now Foods Virgin Coconut Oil,1996,8.353306935792945,Healthy snacks for weight loss
19, Baby Jogger Cooler Bag,223,8.324512366378125,Healthy snacks for weight loss
20, Carb Solutions High Protein Shake Mix for Low Carb Diets,449,8.318739894190017,Healthy snacks for weight loss
21, Power Pops Weight Loss Lollipops with Hoodia by Fun Unlimited Inc. - 30 Count,2363,8.260945383670498,Healthy snacks for weight loss
22," Alli Weight-Loss Aid, Orlistat 60mg Capsules Refill Pack",102,7.957937011667358,Healthy snacks for weight loss
23, Big 100 Colossal Bar,280,7.90297147681757,Healthy snacks for weight loss
24, Dymatize Nutrition ISO 100 Whey Protein Powder,851,7.485631819887034,Healthy snacks for weight loss
25," Stalkmarket 7-Ounce Bowls, 600-Count Case",2800,7.258253225587857,Healthy snacks for weight loss
26," Labrada Nutrition Lean Body for Her Meal Replacement Shake, 1.7-Ounce Packets (Pack of 20)",1440,7.047455264831966,Healthy snacks for weight loss
27, Spirulina Natural by Earthrise,2789,6.983161718222353,Healthy snacks for weight loss
28," Duro-Med Universal Walker Carry-All Pouch, Blue Denim",844,6.981478767940387,Healthy snacks for weight loss
29, Clif Bar - 12 Pack,552,6.968332449600128,Healthy snacks for weight loss
30, Fruit and Veggie Bowl with Removable Ice Pack,1024,6.923031494132518,Healthy snacks for weight loss
31, Met-Rx Protein Plus Bars 12 ea,1665,6.910143065694953,Healthy snacks for weight loss
32, 3 Week Rapid Weight Loss System-Lipovarin-Thyrotril-Aquadrene,22,6.823316437845085,Healthy snacks for weight loss
33," Kashi-Go Lean Crunchy, 24 ct Variety Pack",1396,6.822034639669078,Healthy snacks for weight loss
34," BISSELL Sturdy Sweep Sweeper, 2402B",209,6.778831464434765,Healthy snacks for weight loss
35," PowerBar Harvest Whole Grain Energy Bar, 2.29-Ounce Bars (Pack of 15)",2366,6.754561690595185,Healthy snacks for weight loss
36, Lipovarin - Sterling Grant 90 Caps,1496,6.737924857107461,Healthy snacks for weight loss
37," Duro-Med Wheel Chair Back Pack, Black",848,6.682512047172709,Healthy snacks for weight loss
38, Thyrotril 90 Caps Metabolism Thyroid Sterling Grant,2960,6.604387047774754,Healthy snacks for weight loss
39, Weight Loss with Hypnosis CD,3139,6.58679783950364,Healthy snacks for weight loss
40, Zyroxin (120 Caps) - Next Generation Weight Loss Pill!,3217,6.541952881202468,Healthy snacks for weight loss
41, MRM CLA Hi Potency 80%,1551,6.514934927622675,Healthy snacks for weight loss
42," Alli Weight-Loss Aid, Orlistat 60mg Capsules, 150-Count Starter Pack",103,6.4985750109968485,Healthy snacks for weight loss
43, Aerobic Pedal Exerciser - Use for Arms & Legs,88,6.492940358183795,Healthy snacks for weight loss
44, Ziploc Container (Pack of 2),3209,6.465102286532829,Healthy snacks for weight loss
45, Green Tea 500 mg 100 Caps,1130,6.435316578279332,Healthy snacks for weight loss
46," Omron HBF-306C Fat Loss Monitor, Black",2100,6.431890561307612,Healthy snacks for weight loss
47, Stacker 3,2798,6.388547618577115,Healthy snacks for weight loss
48, Clif Bar Energy Bars,555,6.350140123974585,Healthy snacks for weight loss
49," Clif Bar Energy Bar, Variety Pack of Crunchy Peanut Butter, Chocolate Chip Peanut Crunch, and Oatmeal Raisin Walnut, 2.4-Ounce Bars, Pack of 24",554,6.34708492449964,Healthy snacks for weight loss
50, Mega Green Tea Extract (Decaffeinated),1638,6.330927780178535,Healthy snacks for weight loss
1, Nature's Way Devil's Claw,1870,11.464474960650577,Natural remedies for joint pain
2, Source Naturals Inflama-Rest,2724,11.39714471104515,Natural remedies for joint pain
3, H.A. Joint Formula by Purity Products - 90 Capsules [Health and Beauty],1145,10.77902198514976,Natural remedies for joint pain
4, Heel Inc Traumeel,1192,10.621527941885237,Natural remedies for joint pain
5, Doctors Best Best Serrapeptase,753,9.789377235309857,Natural remedies for joint pain
6, Triflora Arthritis Gel 2.75 Ounces,2986,9.51429060186986,Natural remedies for joint pain
7, Boericke & Tafel Boericke & Tafel Arniflora Arnica Muscle Pain And Stiffness Gel,330,9.188861312322201,Natural remedies for joint pain
8, Jarrow Formulas Curcumin 95,1341,9.10236428752617,Natural remedies for joint pain
9, Boiron Arnica (Arnicare) Gel,333,8.86962451711742,Natural remedies for joint pain
10, CryoDerm Analgesic Cryotherapy 3.0 oz Roll On - Pain Relief,644,8.773268053054126,Natural remedies for joint pain
11, Nature's Way Feverfew,1878,8.601516095962939,Natural remedies for joint pain
12, American Biosciences (Immpower) DGP Dog Gone Pain Mobility & Flex for dogs,120,8.439807757131327,Natural remedies for joint pain
13," Now Foods, Super Primrose 1300 mg",2022,7.992394608300388,Natural remedies for joint pain
14, NatureWorks Swedish Bitters,1915,7.9912121417919115,Natural remedies for joint pain
15, Source Naturals Cherry Fruit Extract 500mg,2709,7.872648569818924,Natural remedies for joint pain
16, Heel Traumeel Homeopathic Ointment,1193,7.80190047956316,Natural remedies for joint pain
17, Source Naturals Fibro-Response,2716,7.714190005688868,Natural remedies for joint pain
18," Drinkables Ultimate Liquid Joint Care, Natural Citrus, 33 Ounces",780,7.6005730526143935,Natural remedies for joint pain
19, FLEXCIN W/CM8 JOINT HEALTH & MOBILITY SOLUTION 90 CAPS,960,7.553629176810121,Natural remedies for joint pain
20, Nutramax Labs Nutramax Labs Cosamin Ds Exclusive Formula Joint Health Supplement,2034,7.511681827391182,Natural remedies for joint pain
21, New Serola Sacroiliac Belt,1939,7.435287505923409,Natural remedies for joint pain
22," Doctor's Best - Glucosamine/Chondroitin/Msm,",748,7.431881236218067,Natural remedies for joint pain
23, Source Naturals Hyaluronic Joint Complex,2723,7.42763219494727,Natural remedies for joint pain
24, Cellaplex (120 Caps) Extra Strength Bone & Joint Support Formula w/ CM8,487,7.426209380155759,Natural remedies for joint pain
25, Wellesse Joint Movement Glucosamine With Chondroitin and Msm 33.8 fl oz (1000,3150,7.3606880304226125,Natural remedies for joint pain
26, Osteo Bi-Flex Osteo Bi-Flex Advanced Triple Strength Formula,2180,7.2198995162881605,Natural remedies for joint pain
27, Source Naturals Vegetarian Glucosamine 750mg,2770,7.180850253389373,Natural remedies for joint pain
28, Nutramax Labs Nutramax Labs Cosamin Ds Joint Health Supplement,2035,7.1413754858974645,Natural remedies for joint pain
29, 3-in-1 Joint Formula,23,7.08794948819274,Natural remedies for joint pain
30, Glucosamine Plus MSM,1112,7.0481938242949385,Natural remedies for joint pain
31, Dr Frank's Joint & Muscle Pain Relief Oral Spray As Seen on Tv,759,7.044057936319902,Natural remedies for joint pain
32, Hylands Kids Kit,1288,7.03981931731811,Natural remedies for joint pain
33, Jarrow Formulas MSM Sulfur,1349,7.033318528810916,Natural remedies for joint pain
34, Light Relief 90LR15LR01 Infrared Pain Relief Device,1489,6.984570434384577,Natural remedies for joint pain
35, ColdCalm by Boiron - 60 Tablets,579,6.980001189549498,Natural remedies for joint pain
36, Nature's Way MSM 1000mg,1888,6.96769779662446,Natural remedies for joint pain
37, Source Naturals Hyaluronic Acid 100mg,2722,6.957768183553356,Natural remedies for joint pain
38, Nature's Way Glucosamine Chondroitin,1882,6.930757654909866,Natural remedies for joint pain
39, PediFix Nightime Bunion Regulator,2267,6.928258797622506,Natural remedies for joint pain
40, Now Foods Glucosamine & Chondroitin with MSM,1977,6.874230145679403,Natural remedies for joint pain
41, Natrol (incl Laci Le Beau Teas) MSM,1799,6.819445586311263,Natural remedies for joint pain
42, Nature's Way Horsetail Grass,1885,6.806801181245623,Natural remedies for joint pain
43," Osteo Bi-Flex NutraJoint Plus Glucosamine Drink Mix, Maximum Strength Formula, Unflavored, 13.86 Ounces",2179,6.796975791358901,Natural remedies for joint pain
44," Nature Made TripleFlex, Caplets",1829,6.776192798430019,Natural remedies for joint pain
45, SCHIFF MOVE FREE ADVANCED 140 TABLETS JOINT GLUCOSAMINE,2557,6.759777204933286,Natural remedies for joint pain
46, Futuro Deluxe Thumb Stabilizer (Pack of 2),1031,6.728875315282028,Natural remedies for joint pain
47, Osteo Bi-Flex Triple Strength - 180 Caplets (Mega Size),2181,6.727227094341464,Natural remedies for joint pain
48," Trigosamine Jointcare Supplement, Maximum Strength Caplets, 90-Count Bottle ""Now with Vitamin-D""",2989,6.725986395428571,Natural remedies for joint pain
49, Ginger Root By Nature's Way 550 Mg,1095,6.716802999100505,Natural remedies for joint pain
50, NOW HYALURONIC ACID Double Strength - 100 MG - 60 Vcaps,1778,6.7005500900870105,Natural remedies for joint pain
