result_index,product_title,product_id,score,query,rel
1," Lansinoh 20265 Disposable Nursing Pads, 60-Count Boxes (Pack of 3)",1446,6.708870068,comfortable clothes,1
2," Seventh Generation Natural Laundry Detergent, Baby, Ultra-Concentrated Liquid, 50-Ounces Bottles (Pack of 6)",2622,6.55967331,comfortable clothes,5
3, Charlie's Soap Laundry Liquid - 1 Gal Jug - (128 Loads),503,6.424662515,comfortable clothes,5
4, Household Essentials Hanging Cotton Canvas Laundry Hamper Bag,1270,6.132265236,comfortable clothes,3
5," Wellgate for Women Gel-Comfort Knee Support, 1 Size",3151,6.131872109,comfortable clothes,4
6," All Small & Mighty, Triple Concentrated Liquid Laundry Detergent, Nine 32-Load Bottles (288-Loads)",99,6.116672602,comfortable clothes,5
7, Lansinoh Disposable Nursing Pads,1447,6.093843819,comfortable clothes,1
8, Cramer E6 Groin Hip Spica,627,6.062436792,comfortable clothes,4
9," Duro-Med Posture Corrector, White,",837,5.93781286,comfortable clothes,4
10, OTC Elastic Abdominal Binder,2058,5.873749702,comfortable clothes,3
11, Kleinert's - 24 (12 Pair) Disposable Underarm Dress Shields From Kleinert's From $4.79 to $24.99,1413,5.832113356,comfortable clothes,4
12, Futuro Stabilizing Back Support,1035,5.782076636,comfortable clothes,4
13, Underworks Posture Perfect Band,3043,5.71487259,comfortable clothes,3
14," Win High Performance Sport Liquid Detergent, Super Oxygenated Formula, 21-Ounce Bottles (Pack of 4)",3159,5.698895483,comfortable clothes,4
15," Seventh Generation Laundry Detergent, White Flower & Bergamot Citrus, Powder, 112-Ounce Boxes (Pack of 4)",2618,5.677916911,comfortable clothes,3
16," Seventh Generation Natural Fabric Softener, Blue Eucalyptus and Lavender Scent, Ultra-Concentrated, 40-Ounce Bottles (Pack of 6)",2620,5.643447099,comfortable clothes,3
17, Rit Sun Guard Laundry Treatment UV Protectant - si,2536,5.609279382,comfortable clothes,2
18," Mrs. Meyer's Clean Day Laundry Liquid Detergent, Lemon Verbena, 64-Ounce Bottles (Case of 6)",1722,5.591923014,comfortable clothes,3
19, Desolv It Citrus Solution 12.6oz,710,5.581857675,comfortable clothes,3
20, Perwoll Black Magic Laundry Soap 750 ml,2277,5.545203939,comfortable clothes,3
21," Dry Cleaner's Secret Woolite Dry Clean at Home, Quick & Easy Dry Cleaning Cloths",789,5.542397165,comfortable clothes,3
22," Seventh Generation Natural Laundry Detergent with Non-Chlorine Bleach, Free & Clear, Powder, 112-Ounce Boxes (Pack of 4)",2621,5.524553646,comfortable clothes,3
23, Tena Ultimate Pads,2897,5.497855217,comfortable clothes,1
24," Planet Ultra Powdered Laundry Detergent, 64-Ounce Boxes (Pack of 10)",2346,5.496150567,comfortable clothes,3
25," Seventh Generation Natural Laundry Detergent, Lavender Scented, Ultra-Concentrated Liquid, 100-Ounce Bottles (Pack of 4)",2624,5.486340447,comfortable clothes,3
26," Seventh Generation Natural Laundry Detergent, Free & Clear, Ultra-Concentrated Liquid, 150-Ounce Bottles (Pack of 3)",2623,5.479332705,comfortable clothes,3
27," Priva Waterproof Mealtime Protector, Blue Terry",2418,5.456792804,comfortable clothes,3
28," Mrs. Meyer's Clean Day Fabric Softener, 32-Ounce Bottles (Case of 6)",1721,5.420155262,comfortable clothes,3
29, Miele / Henkel ,1682,5.411933864,comfortable clothes,1
30, Jobst Relief PANTYHOSE - Firm Compression 20-30mmHg,1370,5.395824706,comfortable clothes,3
31, Crystal Body Deodorant Crystal Body Deodorant Stick,648,5.39397053,comfortable clothes,2
32," Planet Ultra Liquid Laundry Detergent, 100 Fluid-Ounce Bottles (Pack of 4)",2345,5.379021042,comfortable clothes,2
33, Thermoskin Lumbar Support in Beige,2949,5.367908625,comfortable clothes,2
34," All Small & Mighty HE Laundry Detergent for High Efficiency Washers, Triple Concentrated Liquid, Fresh Rain Scent, 32-Load Bottles (Pack of 9)",97,5.341602563,comfortable clothes,2
35," All Small & Mighty, Triple Concentrated Liquid Laundry Detergent, Stainlifter, 32 Loads Per Bottle",100,5.337167143,comfortable clothes,2
36, Smartek ST-25 Deluxe Clothes Shaver,2668,5.325166206,comfortable clothes,2
37," Tide HE Detergent for High Efficiency Washers, Powder, Original Scent, 31-Load Boxes (Pack of 4)",2961,5.305885174,comfortable clothes,1
38," Bounce Fabric Softener Sheets, Outdoor Fresh Scent, 120-Count Box (Pack of 2)",347,5.273582836,comfortable clothes,1
39, Open Knee Wrap Stabilizer,2124,5.268566473,comfortable clothes,2
40," Biokleen Premium Plus Laundry Powder, 5-Lb. Boxes (Pack of 8)",295,5.268221532,comfortable clothes,2
41, Prenatal Cradle Adjustable Prenatal Cradle,2390,5.247931584,comfortable clothes,2
42, Posture Corrective Brace,2360,5.218805176,comfortable clothes,2
43, Duro-Med Mealtime Protector,833,5.217854936,comfortable clothes,1
44, Spray N Wash Dual Pwr Pretrea - 12 Pack,2792,5.211579207,comfortable clothes,2
45," All Small & Mighty, Triple Concentrated Liquid Laundry Detergent, Free Clear, 32 loads per bottle",98,5.205535942,comfortable clothes,2
46," Depend Boost Inserts, 20 Count (Pack of 6)",696,5.175026588,comfortable clothes,1
47, Tranquility Premium OverNight Pull-On Diapers Size Medium Pk/18,2978,5.101568351,comfortable clothes,1
48," Shout Color Catcher Dye-Trapping, In-Wash Cloths - 24 ea",2634,5.041136409,comfortable clothes,1
49, Natural Selection Bath and Body's Zen Massage Oil 8 oz,1819,5.004102329,comfortable clothes,1
50, Gardus D1203615+ D3203612 LintEater System And Extension Kit,1059,4.995450641,comfortable clothes,1
1, Thermoskin Lumbar Support in Beige,2949,9.110195398,warm clothes,5
2," Mrs. Meyer's Clean Day Laundry Liquid Detergent, Lemon Verbena, 64-Ounce Bottles (Case of 6)",1722,8.983694296,warm clothes,4
3," Seventh Generation Laundry Detergent, White Flower & Bergamot Citrus, Powder, 112-Ounce Boxes (Pack of 4)",2618,8.069864833,warm clothes,4
4," Biokleen Premium Plus Laundry Powder, 5-Lb. Boxes (Pack of 8)",295,7.897961504,warm clothes,4
5," Tide HE Detergent for High Efficiency Washers, Powder, Original Scent, 31-Load Boxes (Pack of 4)",2961,7.795492557,warm clothes,4
6," Seventh Generation Natural Laundry Detergent, Lavender Scented, Ultra-Concentrated Liquid, 100-Ounce Bottles (Pack of 4)",2624,7.586549939,warm clothes,4
7, Duro-Med Mealtime Protector,833,7.567513233,warm clothes,4
8, Happi Tummi Natural Colic Relief Waistband,1168,7.473896593,warm clothes,4
9," Seventh Generation Natural Laundry Detergent with Non-Chlorine Bleach, Free & Clear, Powder, 112-Ounce Boxes (Pack of 4)",2621,7.416956977,warm clothes,4
10," Dry Cleaner's Secret Woolite Dry Clean at Home, Quick & Easy Dry Cleaning Cloths",789,7.304480891,warm clothes,4
11," Win High Performance Sport Liquid Detergent, Super Oxygenated Formula, 21-Ounce Bottles (Pack of 4)",3159,7.1647447,warm clothes,4
12, Thai Deodorants Thai Deodorant Stone with Velvet Pouch,2899,7.150646681,warm clothes,4
13," Shout Color Catcher Dye-Trapping, In-Wash Cloths - 24 ea",2634,7.141345901,warm clothes,4
14, Charlie's Soap Laundry Liquid - 1 Gal Jug - (128 Loads),503,7.105296748,warm clothes,4
15," Wellgate for Women Gel-Comfort Knee Support, 1 Size",3151,6.938960857,warm clothes,5
16, Burberry Brit By Burberry For Women. Eau De Toilette Spray 3.3-Ounces,408,6.580044926,warm clothes,4
17," Kleen Free Naturally, Natural, Non-Toxic, Enzyme Solution and Multi-Purpose Cleaner",1409,6.551228475,warm clothes,4
18, Nad's Hair Removal Gel Kit 6 oz. Gel And Accessories,1785,6.523210304,warm clothes,4
19," Comfort Bath Value Size! Personal Cleansing, Ultra-Thick Disposable Washcloths, 32 ea",589,6.441122404,warm clothes,4
20, Desolv It Citrus Solution 12.6oz,710,6.316026947,warm clothes,3
21," Duro-Med Posture Corrector, White,",837,6.201185338,warm clothes,3
22, Futuro Stabilizing Back Support,1035,6.163991691,warm clothes,3
23, Chamomile Body Sugar 5 Ounces,498,5.96339076,warm clothes,3
24," Charlie's Soap Laundry Pre-Spray, 16.9 Ounce",504,5.835180097,warm clothes,3
25, Crystal Body Deodorant Crystal Body Deodorant Stick,648,5.804766194,warm clothes,3
26, Oil Eater Cleaner Degreaser 32oz,2086,5.771421221,warm clothes,3
27," Thermalon Microwave Activated Moist Heat-Cold Compress Wrap for Back, Neck, Shoulder, Head, Abdomen, 5.5"" x 18.5""",2937,5.714476964,warm clothes,4
28, Sunbeam Flexible Heating Pad,2831,5.691928551,warm clothes,4
29, DEODORANT STONES OF AMERICA Thai Crystal Mist Spray 8 oz,669,5.659270488,warm clothes,3
30," Seventh Generation Natural Fabric Softener, Blue Eucalyptus and Lavender Scent, Ultra-Concentrated, 40-Ounce Bottles (Pack of 6)",2620,5.643447099,warm clothes,3
31, Bio Kleen Oxygen Bleach Plus,284,5.617371249,warm clothes,3
32, Rit Sun Guard Laundry Treatment UV Protectant - si,2536,5.609279382,warm clothes,4
33, Sunbeam 756-500 Heating Pad with UltraHeatTechnology,2828,5.603326035,warm clothes,4
34, Perwoll Black Magic Laundry Soap 750 ml,2277,5.545203939,warm clothes,3
35, Certain Dri Antiperspirant Roll-On for Excessive Perspiration-1.2 oz,497,5.522843027,warm clothes,3
36," Planet Ultra Powdered Laundry Detergent, 64-Ounce Boxes (Pack of 10)",2346,5.496150567,warm clothes,2
37," Seventh Generation Natural Laundry Detergent, Free & Clear, Ultra-Concentrated Liquid, 150-Ounce Bottles (Pack of 3)",2623,5.479332705,warm clothes,3
38, Bed Buddy Hot Pack by EasyComforts,266,5.467632883,warm clothes,3
39," Priva Waterproof Mealtime Protector, Blue Terry",2418,5.456792804,warm clothes,2
40," Mrs. Meyer's Clean Day Fabric Softener, 32-Ounce Bottles (Case of 6)",1721,5.420155262,warm clothes,2
41, Miele / Henkel ,1682,5.411933864,warm clothes,2
42," Planet Ultra Liquid Laundry Detergent, 100 Fluid-Ounce Bottles (Pack of 4)",2345,5.379021042,warm clothes,1
43, Household Essentials Hanging Cotton Canvas Laundry Hamper Bag,1270,5.365437155,warm clothes,1
44," All Small & Mighty HE Laundry Detergent for High Efficiency Washers, Triple Concentrated Liquid, Fresh Rain Scent, 32-Load Bottles (Pack of 9)",97,5.341602563,warm clothes,1
45," All Small & Mighty, Triple Concentrated Liquid Laundry Detergent, Stainlifter, 32 Loads Per Bottle",100,5.337167143,warm clothes,1
46, Smartek ST-25 Deluxe Clothes Shaver,2668,5.325166206,warm clothes,1
47," Seventh Generation Natural Laundry Detergent, Baby, Ultra-Concentrated Liquid, 50-Ounces Bottles (Pack of 6)",2622,5.284301606,warm clothes,1
48," Bounce Fabric Softener Sheets, Outdoor Fresh Scent, 120-Count Box (Pack of 2)",347,5.273582836,warm clothes,1
49, Open Knee Wrap Stabilizer,2124,5.268566473,warm clothes,1
50, Spray N Wash Dual Pwr Pretrea - 12 Pack,2792,5.211579207,warm clothes,1
1, Marpac TSC 330 Travel Sound Conditioner,1580,3.447555744,travel,5
2, Dex Products Travel Wipes Warmer,715,3.441064531,travel,5
3, MB9910T Slim Line Reader in Metal Tube with Spring Hinge and Clip,1540,3.432260729,travel,5
4, Chrome METAL SHAVING SOAP BOWL silver shave dish with LID covered holder NEW Great for Travel,527,3.414268168,travel,5
5, Activa Mens Dress Socks Moderate Compression 20-30 mmHg,76,3.381810679,travel,5
6, The Stick Travel Stick,2924,3.32518623,travel,5
7, Braun PocketGo P-70 Men's Shaver,374,3.316308039,travel,5
8," Floxite 5X Lighted Magnifying Mirror 5"" white",1007,3.30680884,travel,5
9," Medport Diabetes Travel Organizer From GMS Holds Two Weeks Supplies/ Will Hold Syringes,vials Pens Secure - Cold for 12 hours, Cools for up to 18 Hrs Comes with 2-6 Oz Cold-Gel Paks",1636,3.292918552,travel,5
10, Panasonic EW1270AC Portable Oral Irrigator,2244,3.284936384,travel,5
11, Braun 3612 InterFace Rechargeable Shaver,356,3.274443738,travel,4
12, Medic-Air Back Pillo,1618,3.251356869,travel,4
13, Jobst Ultrasheer 15-20 Knee-High Silky Beige Large,1375,3.233832232,travel,4
14, Back Booster 1001 Inflatable Lumbar Support Cushion,227,3.217047465,travel,4
15, Remington MSC-140 Men's Titanium Battery Operated Foil Travel Shaver,2512,3.189252141,travel,4
16, Travel John - Portable Bathroom (3 pack),2981,3.184594342,travel,4
17, Genuine Corflex Medic Air Back Pillow - Blue,1067,3.176766633,travel,4
18," Wahl 9906-2001 ""The Mustache"" Cordless/Battery Operated Beard and Mustache Trimmer",3106,3.172222752,travel,4
19, WAHL 9962-717 Compact Travel Trimmer,3091,3.151066327,travel,4
20, Contour Backmax Support System,610,3.144580008,travel,4
21, ROHO High Profile Quadtro Select Cushion,2460,3.138244475,travel,3
22," Hefty One Zip 2.5 Gallon Jumbo Storage/Freezer Bags,12 Count Boxes (Pack of 9)",1194,3.127762248,travel,3
23, The First Years Deluxe Fold and Go Diapering Kit,2906,3.126725987,travel,3
24, Zadro Ultimate Lighted Make-up Mirror,3188,3.116526259,travel,3
25," Apex Weekly Pill Organizer, Twice-a-Day, 1 Pill Organizer (Colors May Vary)",153,3.069044857,travel,3
26, Kids Earplane Ear Plugs For Airplane Travel,1401,3.061317794,travel,3
27, HoMedics SQM-N1 Squish Massaging Neck Pillow,1243,3.056988396,travel,3
28," Panasonic ES7801S Triple Blade Wet/Dry Men's Shaver, Silver",2234,3.051234877,travel,3
29, Sombra Pain-Relieving Gel,2689,3.048366232,travel,3
30," Preserve Toothbrushes, Ultra Soft Bristles, 6-Counts",2396,3.040310487,travel,3
31, Panasonic ES4026CMB Men's Double Blade Shaving Combo with Bonus Nose/Ear Trimmer,2229,3.034122907,travel,2
32, Kiddopotamus Quickchange Portable Changing Pad,1399,3.033492098,travel,2
33, Interplak WJ2CS Compact Rechargeable Water Jet,1317,3.023905215,travel,2
34, Magic Focus Big Eyes Standing Vanity Gooseneck 5X Mirror,1563,3.019680368,travel,2
35, Griffin Technology 4002-TJUICE TuneJuice Battery Backup for iPod and iPod mini,1135,3.018567933,travel,2
36, Meditation Timer,1619,3.015312064,travel,2
37, Tweezerman Mini Slant Tweezer,3008,3.014066298,travel,2
38, Philips Norelco 7745X Cool Skin Lotion Dispensing Cordless Rechargeable Shaver,2292,3.005963419,travel,2
39, DigiPower DPS-3000+ 3-Hour AA/AAA Rechargeable Battery Kit with 4 AA 2700 mAh Batteries and Car Charger,722,2.996252597,travel,2
40, Waterpik Waterflosser Cordless Rechargeable WP-360W,3134,2.957581465,travel,2
41, FRIO Large Insulin Cooling Case,963,2.951226095,travel,1
42, Munchkin Travel Diaper Changing Kit (colors may vary),1733,2.933471344,travel,1
43," Shout Wipes, Portable Stain Treater Towelettes - 12 ea",2635,2.908908269,travel,1
44," Source Naturals Melatonin, 2.5mg",2742,2.90254291,travel,1
45, Chicco C5 Umbrella Stroller,515,2.894733586,travel,1
46," Mack's Pillow Soft Silicone Earplugs, Value Pack, 6 pr",1560,2.890432736,travel,1
47, Bucky Shades Sleep Mask With Earplugs,405,2.886073537,travel,1
48, Amazon.com,115,2.873744586,travel,1
49, Marsona DS-600A Sound Conditioner with Six Sounds,1582,2.871694541,travel,1
50, Oral-B S-320 Sonic Complete Rechargeable Power Toothbrush,2158,2.870911415,travel,1
1, Avalon Organics Conditioner Strenthening Peppermint -- 11 fl oz,185,8.960816958,conditioner,5
2, Avalon Organic Conditioner,183,8.960816958,conditioner,5
3, Avalon Organics Conditioner Awapuhi Mango Moisturizing,184,8.960816958,conditioner,5
4, Giovanni Cosmetics Conditioner Smooth As Silk,1097,8.81651531,conditioner,5
5, Thin to Thick Extra Volume Shampoo,2953,8.558560025,conditioner,4
6, Avalon Shampoo,186,8.471715278,conditioner,4
7, TheraNeem Gentle Therape Shampoo - 12 oz - Liquid,2932,8.467248366,conditioner,4
8, RPS 16-Ounce Waterbed Conditioner,2461,8.356940084,conditioner,5
9, Lily Of The Desert Aloe Vera Juice,1493,7.944266322,conditioner,3
10, Burt's Bees Avocado Butter Pre-Shampoo Hair Treatment with Nettles and Rosemary - 4.34 fl oz,410,7.933626602,conditioner,4
11, Sally Hansen Creme Bleach Extra Strength Arms/Legs/Face,2580,7.877921923,conditioner,3
12, Light Mountain Natural Hair Color And Conditioner,1488,7.456073216,conditioner,4
13, Naturtint - Permanent Hair Colorant,1917,7.411778992,conditioner,3
14, Organix Hair - Brazilian Keratin Therapy Treatment Products,2168,7.35011459,conditioner,3
15, Lily Of The Desert Aloe Vera Gel Whole Leaf,1492,7.300444433,conditioner,3
16, EO Products Shampoo,862,7.248037351,conditioner,3
17," Nit Free Terminator Lice Comb, Professional Stainless Steel Louse and Nit Comb for Head Lice Treatment, Removes Nits",1952,7.213150089,conditioner,3
18," Now Foods, Grape Seed Oil",2007,7.174432958,conditioner,3
19, NOW Foods Jojoba Oil Pure,1766,7.128022985,conditioner,4
20, Marpac TSC 330 Travel Sound Conditioner,1580,7.125204278,conditioner,4
21, Aloe Vesta 2-n-1 Skin Conditioner - 8 oz Bottle,108,7.123129836,conditioner,4
22, Marsona 1288A Programmable Sound Conditioner,1581,7.091082871,conditioner,4
23, Dr. Bronner'S Organic Bar Soaps Pure Castile,764,6.969680715,conditioner,4
24, 100% Pure Tea Tree Oil by Desert Essence 2 Ounces,8,6.922276333,conditioner,3
25, Lice and Nit Eliminating Natural Mousse with Foam Applicator Kit,1465,6.711383092,conditioner,3
26, Dohm-SS Single Speed Sound Conditioner by Marpac (formerly known as the Sleepmate/Sound Screen 580A),756,6.496875757,conditioner,4
27, Surya Henna Henna Cream Light Brown,2848,6.358646749,conditioner,3
28," Afta After Shave Skin Conditioner, original - 3 oz, (Pack of 12)",90,6.289331705,conditioner,4
29, Marpac Dohm-DS Dual Speed Sound Conditioner,1578,6.16796033,conditioner,4
30, Vinylex 1215 Protectant Spray 16.9 oz. (500mL),3080,6.113149656,conditioner,3
31," Now Foods, Apricot Kernel Oil",2003,5.996724213,conditioner,3
32, Light Mountain Hair Color,1487,5.930679199,conditioner,3
33, NOW Foods Tea Tree Oil,1775,5.707629042,conditioner,3
34, Now Foods Organic Macadamia Oil Pure,1987,5.699136755,conditioner,3
35, HomeCare Labs/ Works 03381WK The Works Tub & Shower Cleaner,1254,5.667311022,conditioner,3
36, Dynamic Health Laboratories Organic Apple Cider Vinegar with Mother,853,5.664661363,conditioner,3
37, Surya Cream Henna Hair Color - Natural Ingredients,2847,5.445793162,conditioner,3
38, Mustela 2 in 1 Hair & Body Shampoo,1740,5.3073451,conditioner,3
39, Miele ,1681,5.284198062,conditioner,2
40, Heritage Products Castor Oil,1211,5.176401203,conditioner,2
41, Hair Revive Natural Defense for Women,1161,5.091965122,conditioner,2
42, Amazing Herbs Cold-Pressed Black Seed Oil - 16oz,113,5.029736984,conditioner,2
43, Badger Healing Balm,233,5.009851746,conditioner,1
44, Africa's Best Ultimate Herbal Oil 8 oz.,89,4.838903385,conditioner,1
45," Palmolive Eco Gel Dishwasher Detergent, 45 Ounce (Pack of 3)",2209,4.836971596,conditioner,1
46, Remington R-9500 Rotary Shaver with Titanium Coated Cutters and Automatic Cleaning System,2515,4.789173225,conditioner,1
47, Herpecin L,1215,4.734897191,conditioner,1
48, Cerama Bryte Stainless Steel Cleaning Polish (with Mineral Oil),496,4.489282395,conditioner,1
49, Sally Hansen Hair Remover Creme For Face With Vitamin-E,2581,4.367901582,conditioner,1
50, Now Foods Virgin Coconut Oil,1996,4.358474059,conditioner,1
1, Ginseng Vitality Tea 16 Bags,1096,5.536966116,organic,5
2, Active Green Bar,78,5.495690618,organic,5
3," Natracare Organic All Cotton Tampons, Regular with Applicator, 16 Count boxes (Pack of 12)",1792,5.284243146,organic,5
4, Dynamic Health Laboratories Organic Apple Cider Vinegar with Mother,853,5.258836742,organic,5
5," Oskri Organics Coconut Bar, Original, 1.86 Ounce Bars - (Pack of 18)",2178,5.17201367,organic,5
6, Dr. Bronner'S Organic Bar Soaps Pure Castile,764,5.169620191,organic,5
7, Hibiscus Tea - Certified Organic - 24 Teabags,1219,5.141452363,organic,5
8, New Chapter Every Woman Multivitamins,1934,5.083232558,organic,5
9, Cc Pollen Bee Pollen High Desert packed in a bag,483,5.046537577,organic,5
10, Alba Botanica Body Wash,92,5.026638067,organic,5
11," Navitas Naturals Goji Berries, 16-Ounce Pouches",1918,5.010451789,organic,4
12, Jarrow Formulas Coconut Oil 100% Organic Extra Virgin,1340,5.000661625,organic,4
13, Master Cleanse 10-Day Organic Kit with Free MC book,1586,4.924652471,organic,4
14," Seventh Generation Chlorine Free Organic Cotton Tampons, Non-Applicator, 20-Count, Pack of 12, Packaging May Vary",2615,4.881974828,organic,4
15," Rainbow Light, Multivitamin",2473,4.864187893,organic,4
16, Avalon Organics Conditioner Strenthening Peppermint -- 11 fl oz,185,4.838436497,organic,4
17, Avalon Organics Conditioner Awapuhi Mango Moisturizing,184,4.838436497,organic,4
18, Avalon Organic Conditioner,183,4.838436497,organic,4
19, Aubrey Hand and Body Lotions,172,4.803763864,organic,4
20, Canus Goats Milk Lip Balm,446,4.761880797,organic,4
21," Garden of Life Super Seed Beyond Fiber, 600-Grams",1058,4.73894366,organic,3
22, Flaxseed Oil 16 fl oz (474 ml) Liquid,991,4.692984701,organic,3
23, Moom Botanical Hair Removal Kit,1701,4.67195662,organic,3
24, Macro Life Naturals (Miracle Greens) Miracle Reds,1562,4.671529301,organic,3
25," Citrus Magic, Fruit & Veggie Wash, 16 oz",528,4.659619278,organic,3
26, Probar - 12 Pack,2431,4.648525525,organic,3
27," Wellements Organic Gripe Water for Colic, 4 Fluid Ounce",3149,4.644730253,organic,3
28, Aloe life Skin Gel - 8 oz - Liquid,109,4.627726185,organic,3
29, EO Products Shampoo,862,4.57413693,organic,3
30," Now Foods, Spirulina 500 mg 100% Natural",2018,4.514470224,organic,3
31, Aubrey Organics,173,4.509637706,organic,2
32, Now Foods Organic Macadamia Oil Pure,1987,4.441697434,organic,2
33, Peppermint Tea POUCH for Irritable Bowel Syndrome ~ Heather's Tummy Teas Loose Organic Peppermint Tea (16 oz. Bulk Pouch),2274,4.440486895,organic,2
34," Kotex Lightdays Pantiliners, Long, Unscented, Jumbo Pack, 105 Count",1418,4.435335352,organic,2
35, Avalon Shampoo,186,4.414795984,organic,2
36," Probar Whole Food Nutrition Bar, Cran-Lemon Twister 3 Ounces (Pack of 12)",2432,4.411027861,organic,2
37," Clif Bar Energy Bar, Variety Pack of Crunchy Peanut Butter, Chocolate Chip Peanut Crunch, and Oatmeal Raisin Walnut, 2.4-Ounce Bars, Pack of 24",554,4.386908073,organic,2
38, Fresh Bee Pollen Whole Granules - 16 oz. - Granules,1023,4.380701869,organic,2
39, Natural Balance Colon Clenz,1804,4.342142515,organic,2
40, Nature's Way Echinacea Root Complex,1872,4.313514342,organic,2
41," GURU Energy Drink, 100% Natural, 8.4-Fluid Ounce Can (Pack of 24)",1049,4.290921604,organic,1
42, Source Naturals Spirulina Powder,2762,4.28375895,organic,1
43, Adult Organic Energy Sports Chews,85,4.277767493,organic,1
44," Seventh Generation Natural Laundry Detergent with Non-Chlorine Bleach, Free & Clear, Powder, 112-Ounce Boxes (Pack of 4)",2621,4.269358761,organic,1
45, Nutrex Hawaii Hawaiian Spirulina Pacifica,2036,4.255844504,organic,1
46, Bragg Organic Vinegar Apple Cider (),353,4.250849243,organic,1
47, Greens Plus - Protein Bars - 12 Bars,1133,4.233946267,organic,1
48," BISSELL Pet Stain & Odor Pre-Treat for Carpet & Upholstery, 0790A",208,4.232335928,organic,1
49, Thin to Thick Extra Volume Shampoo,2953,4.223763547,organic,1
50, Nature's Way Hawthorn,1883,4.17532849,organic,1
1, Active Green Bar,78,2.824033555,healthy,5
2, Healthy Trinity (Dairy-free) by Natren - 60 Capsules Probiotics,1181,2.818763754,healthy,5
3, Twinlab Cod Liver Oil Sg,3016,2.790090508,healthy,5
4," Larabar Fruit and Nut Food Bar, 1.7-Ounce Bars (Pack of 16)",1450,2.779060977,healthy,5
5, Kyolic Kyo-Dophilus,1423,2.76306057,healthy,5
6, New Chapter Every Woman Multivitamins,1934,2.716727255,healthy,5
7, Fruit and Veggie Bowl with Removable Ice Pack,1024,2.706045616,healthy,5
8, O'Keefes Creme,2048,2.683537445,healthy,5
9, Hibiscus Tea - Certified Organic - 24 Teabags,1219,2.671421292,healthy,5
10, Now Foods Holy Basil Extract,1978,2.652779135,healthy,5
11, Bojenmi Chinese Diet Tea to Support Weight Control - 20 Bags Per Box,336,2.650198569,healthy,4
12, Probar - 12 Pack,2431,2.646729178,healthy,4
13," Kashi-Go Lean Crunchy, 24 ct Variety Pack",1396,2.642059797,healthy,4
14, Chinese Healthy Balls #40555 (Blue with Phoenix Bird and Dragon),521,2.639233864,healthy,4
15," Nature's Answer Milk Thistle Seed, 1-Ounce",1831,2.629310391,healthy,4
16, Probiotic Defense by Now Foods 90 Vegetarian Capsules,2434,2.628887529,healthy,4
17, Source of Life Energy Shake by Nature's Plus 2.2 Pounds,2775,2.619881587,healthy,4
18, Jason Bodycare Deodorants (2.5 and 3 oz),1354,2.617102383,healthy,4
19," SlimFast Shake Mix, 12.83-Ounce (Pack of 3)",2660,2.61455649,healthy,4
20, EAS Myoplex Lite Nutrition Shake,859,2.608021123,healthy,3
21," Odwalla Nourishing Food Bar, Super Protein, 2.2-Ounce Bars in 12-Count Boxes (Pack of 2)",2083,2.605837775,healthy,3
22, Yerba Prima Psyllium Husks,3183,2.60512861,healthy,3
23, Nature's Way Alive! Pea Shake,1855,2.603630594,healthy,3
24, Osteozyne (180 Capsules) Complete Bone Health & Bone Mass Formula,2182,2.584294479,healthy,3
25," Original Doctor Mom Otoscope, otoscopes - CLAMSHELL kit",2169,2.574715542,healthy,3
26," Ensure Complete Balanced Nutrition Drink, Butter Pecan, 8-Ounce (Pack of 24)",918,2.56913064,healthy,3
27," The Ultimate Life - The Ultimate Meal, 1200 g powder",2926,2.564343579,healthy,3
28, Original Formula by All One,2170,2.554502017,healthy,3
29, Sambazon Organic Acai Powder,2586,2.553079909,healthy,3
30," Navitas Naturals Goji Berries, 16-Ounce Pouches",1918,2.550762796,healthy,3
31, Nature's Way Astragalus Root,1857,2.549655627,healthy,2
32, Source Naturals Artichoke Extract 500mg,2703,2.546715632,healthy,2
33, Nature Made Nature Made Omega-3 Fish Oil,1826,2.545658003,healthy,2
34, Now Foods Now Special Two,1983,2.543793059,healthy,2
35, Lecithin Granules 16 oz (454 g) Granules,1458,2.540383006,healthy,2
36, Tahitian Noni Juice,2870,2.537228488,healthy,2
37," Source Naturals Life Force Multiple, No Iron Tablets",2733,2.535113731,healthy,2
38," Pines International - Wheat Grass Powder, 24 oz powder",2341,2.532590307,healthy,2
39, Iron-Tek Essential Natural 100% Protein,1325,2.529621292,healthy,2
40, iSatori MX-LS7-Contain 7-Keto and Coleus Forskholii as featured on Dr OZ,3227,2.517911137,healthy,2
41, Nature's Way B-100 Complex,1858,2.512754906,healthy,1
42, Fungicure Maximum Strength Anti-Fungal Liquid,1028,2.51174109,healthy,1
43," SOYJOY Bar, Berry, 1.6-Ounce Bars (Pack of 24)",2565,2.509700135,healthy,1
44, Rainbow Light Complete Prenatal System,2466,2.503149039,healthy,1
45, Fungi-Nail Fungi-Nail Anti-Fungal Solution,1027,2.498339461,healthy,1
46, Ginseng Vitality Tea 16 Bags,1096,2.496778604,healthy,1
47, Macro Life Naturals (Miracle Greens) Miracle Reds,1562,2.496692967,healthy,1
48, Source Naturals Wellness Oil of Oregano,2773,2.495365444,healthy,1
49," Oskri Organics Coconut Bar, Original, 1.86 Ounce Bars - (Pack of 18)",2178,2.492125236,healthy,1
50, Wellness Formula by Source Naturals 90 Tablets,3153,2.487617359,healthy,1
1, Lipovarin 150 Caps Thermogenic Weight Loss Diet Pill,1497,4.522241946,weight control,5
2, Moist Heating Pads - TheraTherm Digital Moist Heating Pads,1696,4.40960898,weight control,4
3, EAS AdvantEdge Carb Control Nutrition Bar,858,4.329567925,weight control,5
4, Weight Loss with Hypnosis CD,3139,4.292120041,weight control,5
5, Stacker 2 Ephedra Free,2797,4.278302973,weight control,4
6, Thyrotril 90 Caps Metabolism Thyroid Sterling Grant,2960,4.191423845,weight control,4
7, Lipovarin - Sterling Grant 90 Caps,1496,4.189130399,weight control,4
8," SlimFast High Protein Shake Mix, 12.83 Ounce (Pack of 3)",2659,4.18597821,weight control,5
9, Bojenmi Chinese Diet Tea to Support Weight Control - 20 Bags Per Box,336,4.167561532,weight control,5
10," Zalestra Dietary Supplement for Pre-Menopausal and Menopausal Weight Loss Capsules, 90-Count Bottle",3191,4.157443924,weight control,5
11," Slim-Fast Low-Carb Ready To Drink, Creamy Chocolate, 11-Ounce Cans in 4-Count Boxes (Pack of 6)",2658,4.134292298,weight control,5
12, Stacker 3,2798,4.10431221,weight control,5
13," ExtendBar, Peanut Butter Chocolate Delight, 1.41-Ounce Bars (Pack of 15)",951,4.093059224,weight control,5
14, FitSmart Shake Old Fashioned Vanilla By Fiber 35 Diet - 1lb 7oz From Brenda Watson Fiber35,989,4.031629462,weight control,4
15, Nature's Secret Ultimate Fasting Cleanse Kit,1851,4.018589033,weight control,4
16, Mega-T Green Tea Dietary Supplement,1639,4.004326257,weight control,4
17," NxLabs - Slimquick Extreme, 120 gelcaps",2047,4.002473412,weight control,4
18, Lipoxinol (140 Caps)- Triple Action Weight Loss Accelerator!,1498,3.99837804,weight control,4
19, Twinlab Cod Liver Oil Sg,3016,3.940387699,weight control,4
20," PowerBar ProteinPlus High Protein Bar, 2.29-Ounce Bars (Pack of 12)",2368,3.936329723,weight control,4
21, Invacare Careguard Overbed Table,1318,3.92784916,weight control,3
22, Nature's Way Dim-Plus Capsules,1871,3.927566473,weight control,3
23, Battle Creek Thermophore Automatic Arthritis Pad,251,3.88800353,weight control,3
24, Canon BGE2 Battery Grip for the EOS 20D and EOS 30D Digital SLR Cameras,443,3.868455646,weight control,3
25, Doctors Best Best Stabilized R- Lipoic Acid,754,3.797233389,weight control,3
26," Now Foods, Relora 300 mg",2017,3.785016728,weight control,3
27, Merkur FUTUR style Safety Razor Chrome Finish with adjustable blade angle,1655,3.749013587,weight control,3
28, Fit & Fresh Lunch On The Go,987,3.742931977,weight control,3
29," Alli Weight-Loss Aid, Orlistat 60mg Capsules, Starter Pack",104,3.72992436,weight control,3
30, Rainbow Light Complete Menopause Multivitamin,2465,3.728412728,weight control,3
31, Carb Intercept by Natrol 120 Capsules,448,3.723601838,weight control,2
32, Medline Offset Handle Cane,1630,3.671057356,weight control,2
33, Source Naturals Calcium D-Glucarate 500mg,2708,3.639330651,weight control,2
34, Lewis Labs Brewers Yeast 32 Ounces,1463,3.637077678,weight control,2
35," Herbalife, Herbal Concentrate Tea",1208,3.596900722,weight control,2
36, Nature's Way Glucomannan Caps,1881,3.59428181,weight control,2
37, Andis 395060-Edjer II Rechargeable Cordless Professional Trimmer,136,3.589308096,weight control,2
38, HOMEDICS PALM MASSAGER W/3 HEAD ATTACH.,1151,3.577761061,weight control,2
39," Threelac Probiotic Dietary Supplement, Natural Lemon Flavor, Includes 60 .053-Ounce Packets",2956,3.568834492,weight control,2
40, Jarrow Formulas L-Glutamine Powder,1348,3.529701884,weight control,2
41," Alli Weight-Loss Aid, Orlistat 60mg Capsules Refill Pack",102,3.527578066,weight control,1
42, Irwin Naturals Maximum Strength Phase 2 Carb Blocker,1327,3.498111784,weight control,1
43, Tyrosine 500 mg capsules,3028,3.493489013,weight control,1
44," Optimum Nutrition Opti-Women, Women's Multivitamin",2137,3.483686682,weight control,1
45," NxCare NV Be Desired Rapid Weight Loss, Caplets , 60-Count Bottle",2046,3.47285431,weight control,1
46, Mega Green Tea Extract (Decaffeinated),1638,3.418246389,weight control,1
47, Nature's Way Maca,1889,3.415075928,weight control,1
48, Iodine,1324,3.412694148,weight control,1
49, Source Naturals Progesterone Cream,2752,3.399449367,weight control,1
50," Schick Quattro for Women Razor Refill, Ultra Smooth",2596,3.381163315,weight control,1
1," PowerBar Harvest Whole Grain Energy Bar, 2.29-Ounce Bars (Pack of 15)",2366,5.664126136,nutrition,5
2," Ensure Complete Balanced Nutrition Drink, Butter Pecan, 8-Ounce (Pack of 24)",918,5.582863742,nutrition,5
3," PureFit Nutrition Bar, 2-Ounce Bars (Pack of 15)",2447,5.581511487,nutrition,5
4, CytoSport Muscle Milk Ready-to-Drink Shake,665,5.561462411,nutrition,5
5," Champion Nutrition Pure Whey Protein Stack, 60 packet box",499,5.462886459,nutrition,5
6, Optimum Nutrition Glutamine Powder,2136,5.413836879,nutrition,5
7, Clif Bar - 12 Pack,552,5.399727163,nutrition,5
8, Complete Whole Food Health Optimizer Natural Flavor By Vega - 36.6 Ounces,596,5.344072435,nutrition,5
9, Champion Nutrition WHEY STACK BANANA 2.2LB,501,5.338473685,nutrition,5
10," Ensure Plus Complete Balanced Nutrition Drink, Ready to Use, 24-8 Fluid Ounce Bottles",919,5.32585326,nutrition,5
11, Optimum Nutrition 100% Whey Gold Standard Natural Whey,2131,5.316902157,nutrition,4
12," 100% Whey, Chocolate Mint 5 lb",10,5.316902157,nutrition,4
13," 100% Whey, Vanilla 5 lb",11,5.316902157,nutrition,4
14, Optimum Nutrition 100% Egg Protein,2129,5.278112996,nutrition,4
15," Boost Nutritional Energy Drink, 8-Ounce Bottle (Pack of 24)",343,5.267076627,nutrition,4
16, Active Green Bar,78,5.24328207,nutrition,4
17," Luna Bars, 1.69-Ounce Bars",1526,5.231692136,nutrition,4
18, Optimum Nutrition 100% Whey Gold Standard,2130,5.175372708,nutrition,4
19," Clif Bar Energy Bar, Variety Pack of Crunchy Peanut Butter, Chocolate Chip Peanut Crunch, and Oatmeal Raisin Walnut, 2.4-Ounce Bars, Pack of 24",554,5.165089827,nutrition,4
20, Optimum Nutrition After Max Post-Workout Maximum Recovery,2132,5.050761234,nutrition,4
21," Optimum Nutrition Opti-Women, Women's Multivitamin",2137,5.045657884,nutrition,3
22, Nature's Way Alive! Pea Shake,1855,5.036959293,nutrition,3
23, Dymatize Nutrition Elite Whey Protein Powder,850,4.980617368,nutrition,3
24, PB 8,2199,4.965369413,nutrition,3
25, Ultimate Nutrition Prostar Whey Strawberry,3038,4.962110188,nutrition,3
26, Big 100 Colossal Bar,280,4.926634344,nutrition,3
27, Optimum Pro-Complex Vanilla 2.2 lb,2140,4.91730722,nutrition,3
28," Optimum Nutrition Pro Complex, 4.6 Pound",2138,4.91730722,nutrition,3
29, Weider Health and Fitness - Tiger's Milk Bar - 24 - 1.23 oz (35 g) bars [29.63 oz (840 g)],3138,4.900447732,nutrition,3
30," Promax 12 per pack, 2.64 oz. each",2437,4.86642904,nutrition,3
31, Life's Fortune MultiVitamin & Mineral All Natural Energy Source Supplying Whole Food Concentrates - 180 Tabs,1470,4.82087201,nutrition,2
32, Optimum Nutrition Glutamine 1000mg,2135,4.8087238,nutrition,2
33," Jay Robb Enterprises - Whey Vanilla Isolate, 12 oz powder",1358,4.789747696,nutrition,2
34," Probar Whole Food Nutrition Bar, Cran-Lemon Twister 3 Ounces (Pack of 12)",2432,4.770405724,nutrition,2
35, Universal Micronized Creatine Powder,3046,4.766281322,nutrition,2
36, Optimum Nutrition Creatine Powder,2134,4.76503656,nutrition,2
37, Probar - 12 Pack,2431,4.756369968,nutrition,2
38, Body Ecology Kefir Starter,324,4.720031692,nutrition,2
39, BSN Syntha-6 Protein Powder,219,4.668868616,nutrition,2
40, NUTRIBIOTIC VEGAN RICE PROTEIN Vanilla 3 lb.,1783,4.667334162,nutrition,2
41, Hammer RECOVERITE - Glutamine Fortified Recovery Drink (32 servings),1165,4.66231736,nutrition,1
42, Source Naturals Chlorella from Yaeyama Powder,2711,4.640567402,nutrition,1
43, Source Naturals Spirulina Powder,2762,4.632767886,nutrition,1
44, Balance Bar Company - Balance Carb Well Nutrition Energy - 15 - 1.76 oz (50 g) bars [26.4 oz (750 g)],234,4.628877952,nutrition,1
45," CarbRite Bar, 12 bars",450,4.618053986,nutrition,1
46, 2013 Hammer Nutrition Complex Carbohydrate Energy Gel - 12-Pack,20,4.607280523,nutrition,1
47, Twinlab 100% Whey Protein Fuel,3014,4.575296648,nutrition,1
48, Perfect Food - Super Green Formula,2275,4.56116566,nutrition,1
49, EAS Myoplex Lite Nutrition Shake,859,4.551490602,nutrition,1
50, Balance Bar Gold Triple Layer Energy Bar (Pack of 15),235,4.517919879,nutrition,1
1," GURU Energy Drink, 100% Natural, 8.4-Fluid Ounce Can (Pack of 24)",1049,11.15483301,engergy bar,4
2," Clif Shot Bloks Organic Energy Chews, 2.1-Ounce Packets",556,7.248028941,engergy bar,5
3," PowerBar Performance The Original Energy Bar, 2.29-Ounce Bars",2367,5.768600141,engergy bar,5
4, Active Green Bar,78,5.768444468,engergy bar,5
5," Promax 12 per pack, 2.64 oz. each",2437,5.735997838,engergy bar,5
6, Detour Deluxe Whey Protein Energy Bar,711,5.733225728,engergy bar,5
7, Medline Grab Bar,1629,5.727792226,engergy bar,5
8," Met-Rx Big 100 Colossal Meal Replacement Bar, Super Cookie Crunch, 12 Bars, 3.52 Ounces",1662,5.72113715,engergy bar,5
9, Clif Bar - 12 Pack,552,5.716347305,engergy bar,5
10," PureFit Nutrition Bar, 2-Ounce Bars (Pack of 15)",2447,5.711050958,engergy bar,5
11," CarbRite Bar, 12 bars",450,5.709964186,engergy bar,4
12," Clif Bar Builder's Bar, 2.4-Ounce Bars",553,5.705654333,engergy bar,4
13," Worldwide Sport - Pure Protein , 12 Box",3171,5.702342531,engergy bar,4
14," Moen DN7005 Home Care Multi Grip Tub Safety Bar, Glacier",1692,5.699992212,engergy bar,4
15," PowerBar Harvest Whole Grain Energy Bar, 2.29-Ounce Bars (Pack of 15)",2366,5.69641028,engergy bar,4
16, Balance Bar Gold Triple Layer Energy Bar (Pack of 15),235,5.691217115,engergy bar,4
17," Balance Bar Nutrition Energy Bar, 1.76-Ounce Bars (Pack of 15)",236,5.681288483,engergy bar,4
18," Luna Bars, 1.69-Ounce Bars",1526,5.675292297,engergy bar,4
19, Probar - 12 Pack,2431,5.671430436,engergy bar,4
20," Medline Bathtub Bar, Locks to Side of Tub",1625,5.662465339,engergy bar,4
21, Hooah! Soldier Fuel Energy Bar 15 ea,1258,5.653901341,engergy bar,3
22," PowerBar ProteinPlus High Protein Bar, 2.29-Ounce Bars (Pack of 12)",2368,5.651014196,engergy bar,3
23," Larabar Fruit and Nut Food Bar, 1.7-Ounce Bars (Pack of 16)",1450,5.640547183,engergy bar,3
24, Atkins Endulge Bars,170,5.612931198,engergy bar,3
25, Greens Plus - Protein Bars - 12 Bars,1133,5.605197939,engergy bar,3
26, Moen R8936 Stainless 36-Inch Grab Bar,1693,5.604312528,engergy bar,3
27, Met-Rx Protein Plus Bars 12 ea,1665,5.601303558,engergy bar,3
28, Clifbar Clif Bars - 12 Pack,557,5.597543343,engergy bar,3
29, Atkins Advantage Bar Chocolate Peanut Butter,169,5.594340866,engergy bar,3
30," Glucerna Meal Bar for People with Diabetes, Chocolate Chunk, 4-Count Boxes, 2.04-Ounces Bars (Pack of 6)",1109,5.588501424,engergy bar,3
31, Dr. Bronner'S Organic Bar Soaps Pure Castile,764,5.583459868,engergy bar,2
32, Big 100 Colossal Bar,280,5.580049153,engergy bar,2
33, Met-Rx Big 100 Meal Replacement Bars 12 ea,1663,5.578207792,engergy bar,2
34," Oskri Organics Coconut Bar, Original, 1.86 Ounce Bars - (Pack of 18)",2178,5.577036678,engergy bar,2
35," Odwalla Nourishing Food Bar, Super Protein, 2.2-Ounce Bars in 12-Count Boxes (Pack of 2)",2083,5.575248932,engergy bar,2
36, EAS AdvantEdge Carb Control Nutrition Bar,858,5.554393524,engergy bar,2
37, Clif Bar Energy Bars,555,5.543606974,engergy bar,2
38," ExtendBar, Peanut Butter Chocolate Delight, 1.41-Ounce Bars (Pack of 15)",951,5.517369155,engergy bar,2
39," HOOAH! Soldier Fuel Energy Bars, Apple Cinnamon, 2.29-Ounce Bars (Pack of 15)",1152,5.514273487,engergy bar,2
40, Balance Bar Company - Balance Carb Well Nutrition Energy - 15 - 1.76 oz (50 g) bars [26.4 oz (750 g)],234,5.509694416,engergy bar,2
41, Suction Grab Bar 16 Inches,2815,5.457385785,engergy bar,1
42," SOYJOY Bar, Berry, 1.6-Ounce Bars (Pack of 24)",2565,5.359557338,engergy bar,1
43," Probar Whole Food Nutrition Bar, Cran-Lemon Twister 3 Ounces (Pack of 12)",2432,5.339670618,engergy bar,1
44, Grab Bar Chrome Knurled,1120,5.332954752,engergy bar,1
45, Chandrika Chandrika Soap,502,5.291800069,engergy bar,1
46," Kashi-Go Lean Crunchy, 24 ct Variety Pack",1396,5.287611187,engergy bar,1
47," Clif Bar Energy Bar, Variety Pack of Crunchy Peanut Butter, Chocolate Chip Peanut Crunch, and Oatmeal Raisin Walnut, 2.4-Ounce Bars, Pack of 24",554,5.281318346,engergy bar,1
48, Ka-Bar 2-1282-6 D2 Extreme Fighting Knife,1392,5.221486536,engergy bar,1
49," Clearly Natural Glycerine Soap, 4 oz - PARENT",544,5.209069845,engergy bar,1
50, Weider Health and Fitness - Tiger's Milk Bar - 24 - 1.23 oz (35 g) bars [29.63 oz (840 g)],3138,5.174718602,engergy bar,1
1, Nature's Way Pau D'Arco,1897,11.93658712,Best vitamins for immune system,5
2, Wellness Formula by Source Naturals 90 Tablets,3153,11.43110472,Best vitamins for immune system,5
3, Nature's Way SystemWell Immune System,1907,11.04782127,Best vitamins for immune system,5
4," New Chapter, Supercritical Stress Advantage - 60 softgels",1938,11.02142163,Best vitamins for immune system,5
5, Garden of Life Primal Defense,1056,10.93463493,Best vitamins for immune system,5
6, Women's Nutritional by Rainbow Light - 180 Tablets,3164,10.92488124,Best vitamins for immune system,5
7, Quantum Super Lysine Plus+,2453,10.87965258,Best vitamins for immune system,5
8, Original Formula by All One,2170,10.71646929,Best vitamins for immune system,5
9, Natural Sources ELDERBERRY CONCENTRATE,1821,10.71303212,Best vitamins for immune system,5
10, Nature's Way Echinacea Root Complex,1872,10.7065409,Best vitamins for immune system,5
11, Maximum Living MineralRich Plus Aloe,1606,10.68732405,Best vitamins for immune system,4
12, Nature's Way Vitamin C 1000 with Rose Hips,1911,10.59305084,Best vitamins for immune system,4
13, Scotts Emulsion Original Cod Liver Oil With Vitamin A & D - 12.5 Oz,2603,10.39839298,Best vitamins for immune system,4
14, Nature's Way Reishi Extract,1900,9.988367434,Best vitamins for immune system,4
15," Yerba Prima Bentonite, Detox Pint, 16 Ounce",3182,9.953733647,Best vitamins for immune system,4
16, Elderberry Juice Concentrate 12.5 fl. oz.,885,9.947253271,Best vitamins for immune system,4
17," Balanceuticals Seabuckthorn Seed Oil, 500 mg Dietary Supplement Softgels, 60-Count Bottle",239,9.942096519,Best vitamins for immune system,4
18," Centrum Performance Multivitamin/Multimineral Supplement, Tablets",490,9.86015958,Best vitamins for immune system,4
19, ULTRA SOURCE OF LIFE W/LUTEIN,3030,9.740895901,Best vitamins for immune system,4
20, Stress B-Complex Caps by TwinLab 100 Capsules,2813,9.658946539,Best vitamins for immune system,4
21, Nature's Way Olive Leaf,1895,9.52618851,Best vitamins for immune system,3
22," Century Systems - Miracle 2000 Total Body Nutrition, 32 fl oz liquid",492,9.468055725,Best vitamins for immune system,3
23, Doctors Best High Absorption Magnesium,755,9.464011795,Best vitamins for immune system,3
24," Rainbow Light, Multivitamin",2473,9.462535661,Best vitamins for immune system,3
25, Oreganol - Oil of Wild Oregano,2166,9.423867708,Best vitamins for immune system,3
26, Rainbow Light Complete Prenatal System,2466,9.328021278,Best vitamins for immune system,3
27, PB 8,2199,9.296496161,Best vitamins for immune system,3
28," Optimum Nutrition Opti-Women, Women's Multivitamin",2137,9.267023644,Best vitamins for immune system,3
29, New Chapter Every Woman Multivitamins,1934,9.261707832,Best vitamins for immune system,3
30, Digestive Advantage - Daily Probiotic,718,9.251241371,Best vitamins for immune system,3
31," Nature's Way Echinacea and Goldenseal, 100 Capsules",1873,9.243518139,Best vitamins for immune system,2
32, Emergen-C Cranberry PomegraN/Ate,890,9.120376295,Best vitamins for immune system,2
33, Tahitian Noni Juice,2870,9.114487519,Best vitamins for immune system,2
34, THORNE RESEARCH - Bacillus Coagulans (formerly Lactobacillus Sporogenes) - 60's,2865,8.984750057,Best vitamins for immune system,2
35," Accuflora- Probiotic Acidophilus Dietary Supplement, 240 Caplets",72,8.977357481,Best vitamins for immune system,2
36, One a Day women's multi vitamin 250 tablets,2118,8.974234801,Best vitamins for immune system,2
37, VIBRANT HEALTH Green Vibrance Powder,3057,8.895583693,Best vitamins for immune system,2
38, Amazing Herbs Black Seed,112,8.891829061,Best vitamins for immune system,2
39," Morningstar Minerals Energy Boost 70 Mineral Supplement , 32 oz (946 ml)",1703,8.8367888,Best vitamins for immune system,2
40, Greens+ Powder Original 9.4 oz Powder - 9.4 oz. - Powder,1134,8.749858841,Best vitamins for immune system,2
41," Nature's Plus - Source Of Life W/Whole Food, 180 tablets",1844,8.706547775,Best vitamins for immune system,1
42, Boiron Oscillococcinum,335,8.675626119,Best vitamins for immune system,1
43, Nature's Way Alive! Multivitamin,1854,8.571604284,Best vitamins for immune system,1
44, Wakunaga of America Company - Kyo-Green Drink Mix,3121,8.518355264,Best vitamins for immune system,1
45, Lypo-Spheric Vitamin C,1530,8.483722576,Best vitamins for immune system,1
46, Nature's Plus Liquid Source Of Life Oz - 30 OZ,1847,8.471789438,Best vitamins for immune system,1
47," bioAllers, Allergy Relief, Liquid, 1 fl oz",3218,8.381778327,Best vitamins for immune system,1
48, 100% PURE KOMBU EXTRACT MODIFILAN 500MG 90 CAPS,7,8.365093159,Best vitamins for immune system,1
49, Source Naturals Chlorella,2710,8.272953216,Best vitamins for immune system,1
50," Nature's Way Sambucus Immune Syrup, 8 Ounce",1902,8.211381594,Best vitamins for immune system,1
1, Little Remedies - New Parents Survival Kit,1507,7.871736924,Natural remedies for sleep,5
2, Diphenhydramine HCI 50 Mg Allergy Medicine and Antihistamine 1000 caps,726,7.719218184,Natural remedies for sleep,5
3, Valerian Root 530 mg by Nature's Way 100 Capsules,3061,7.620417053,Natural remedies for sleep,5
4, Passion Flower 350 mg By Solaray - 100 Capsules,2264,7.593485981,Natural remedies for sleep,5
5, Rescue Remedy (20ml vial),2527,7.543937905,Natural remedies for sleep,5
6, Hylands Kids Kit,1288,7.304816401,Natural remedies for sleep,5
7, Lydia Pinkham Lydia Pinkham Herbal Liquid Supplement,1528,7.287733061,Natural remedies for sleep,5
8, Bach Flower Essences Rescue Sleep,225,7.276255413,Natural remedies for sleep,5
9, Ortho Molecular Product Natural D-Hist -- 120 Capsules,2175,6.938203817,Natural remedies for sleep,5
10," Source Naturals GABA Calm, Peppermint",2718,6.937622555,Natural remedies for sleep,5
11, Bach Rescue Remedy Spray 20 ml,226,6.882589191,Natural remedies for sleep,4
12, Sombra Pain-Relieving Gel,2689,6.807443991,Natural remedies for sleep,4
13, Now Foods Holy Basil Extract,1978,6.782827212,Natural remedies for sleep,4
14, Nature's Way Valerian Standardized Extract,1909,6.699239136,Natural remedies for sleep,4
15," Boiron Homeopathic Medicine Camilia Teething Relief Single-Use Oral Doses, 20-Count Boxes (Pack of 2)",334,6.690025498,Natural remedies for sleep,4
16, Nature's Way Umcka Cherry Syrup (Alcohol Free),1908,6.681841007,Natural remedies for sleep,4
17, Source Naturals Melatonin 3mg Vegetarian Capsules,2740,6.661129057,Natural remedies for sleep,4
18," Enzymatic Therapy - Am/Pm Perimenopause Formula, 1 kit [Health and Beauty]",922,6.58666194,Natural remedies for sleep,4
19," Himalaya Herbal Healthcare StressCare/Geriforte, Anti-Stress, 240 Vegetarian Capsules",1220,6.561475411,Natural remedies for sleep,4
20, Hylands Restful Legs,1290,6.362406886,Natural remedies for sleep,4
21," Hyland's Remedy Chest,30-Count Package",1283,6.358127904,Natural remedies for sleep,3
22, Somnatrol Insomnia Sleep Aid (60 Caps),2690,6.251473779,Natural remedies for sleep,3
23, Hylands Homeopathic Bed Wetting Tablets 125 tabs,1286,6.250530269,Natural remedies for sleep,3
24, Nature's Bounty Nature's Bounty Melatonin,1836,6.206425692,Natural remedies for sleep,3
25, CryoDerm Analgesic Cryotherapy 3.0 oz Roll On - Pain Relief,644,6.168817486,Natural remedies for sleep,3
26, Doans extra strength pain reliever caplets - 24 ea,735,6.014839858,Natural remedies for sleep,3
27," New Chapter, Supercritical Stress Advantage - 60 softgels",1938,5.975910814,Natural remedies for sleep,3
28, Hylands Hylands Calms Forte Sleep Aid,1287,5.961989714,Natural remedies for sleep,3
29, Boiron Oscillococcinum,335,5.898071521,Natural remedies for sleep,3
30, Rescue Remedy 20 Milliliters,2528,5.827271514,Natural remedies for sleep,3
31, Health From the Sun /Arkopharma Mygrastick,1175,5.803649865,Natural remedies for sleep,2
32," Olbas Inhaler, 0.01 Ounce",2088,5.769989462,Natural remedies for sleep,2
33," GenTeal Severe Dry Eye Relief, Lubricant Eye Gel - .35 oz",1064,5.764662653,Natural remedies for sleep,2
34, New Chapter Estrotone,1933,5.752488487,Natural remedies for sleep,2
35," LEG CRAMPS, MUSCLE CRAMPS Natural Relaxant Valerin - 340 Capsules #6062",1435,5.731112161,Natural remedies for sleep,2
36, Mitigator Sting & Bite Treatment Scrub (1 Ounce Tube),1690,5.730401219,Natural remedies for sleep,2
37, Bio-Active Silver Hydrosol - Immune Support Vertical Spray 2 fl.oz,285,5.700020914,Natural remedies for sleep,2
38," L-Theanine Calm-Plex with GABA and 5-HTP (Suntheanine&reg;) (100 mg, 60 medium capsules)",1430,5.696299931,Natural remedies for sleep,2
39, Emerita (Pro-Gest) Phytoestrogen Cream,891,5.687527289,Natural remedies for sleep,2
40, Source Naturals L-Tryptophan 500mg,2729,5.60764739,Natural remedies for sleep,2
41," Nature's Answer Passionflower Standardized, 60-Count",1832,5.554279827,Natural remedies for sleep,1
42, Source Naturals Theanine Serene with Relora,2765,5.547808757,Natural remedies for sleep,1
43, Swanson Premium Ashwagandha Powder 450 mg 100 Gelatin Caps,2851,5.526771991,Natural remedies for sleep,1
44, Enzymatic Therapy Remifemin,930,5.525607501,Natural remedies for sleep,1
45, Nature's Way Maca,1889,5.506005967,Natural remedies for sleep,1
46, Pivotal Therapy - Choose,2342,5.496371048,Natural remedies for sleep,1
47," Snorestop Extinguisher, 0.4 Oz -Plastic Case",2671,5.481627943,Natural remedies for sleep,1
48, Melatonin 2.5 mg (Liquid) by Natrol,1643,5.46325289,Natural remedies for sleep,1
49, N.American Herb Spice - Oreganol (Oil Of Oregano),1751,5.451297852,Natural remedies for sleep,1
50," Hyland's, Leg Cramps, 100 Tablets",1284,5.383235579,Natural remedies for sleep,1
1," Source Naturals SAMe, 200mg",2755,7.72128374,Top-rated fitness trackers,5
2, Mark of Fitness WS-820 Automatic Wrist Blood Pressure Monitor,1576,7.506688023,Top-rated fitness trackers,5
3, Mark of Fitness MF-81 Wrist Blood Pressure Monitor,1573,7.210994116,Top-rated fitness trackers,5
4, 4Ever Fit Fruit Blast the Isolate 2 lb (908 g),42,6.647189353,Top-rated fitness trackers,5
5, Natrol Tonalin CLA 1200mg,1803,6.62449563,Top-rated fitness trackers,5
6, Accu-Measure Fitness 3000 Personal Body Fat Tester,71,6.581320777,Top-rated fitness trackers,5
7," Omron HBF-306C Fat Loss Monitor, Black",2100,6.544944711,Top-rated fitness trackers,5
8, One-Pound Fat Replica 1Lb Fat Model Replica,2121,6.471868717,Top-rated fitness trackers,5
9, Stacker 2 Ephedra Free,2797,6.449422209,Top-rated fitness trackers,5
10," HDT Pro-Blend 55, 2 lb",1148,6.343089548,Top-rated fitness trackers,4
11, Omron Body Logic Fat Loss Monitor model HBF-306C(Silver),2099,6.044671815,Top-rated fitness trackers,4
12, iSatori MX-LS7-Contain 7-Keto and Coleus Forskholii as featured on Dr OZ,3227,6.022829587,Top-rated fitness trackers,4
13, MHP X-PEL,1545,5.761663936,Top-rated fitness trackers,4
14, Run Faster And Jump Higher With Springbak Athletic Springsoles,2552,5.493573274,Top-rated fitness trackers,4
15, Optimum Nutrition Complete Protein Diet Meal Shake Mix,2133,5.450632601,Top-rated fitness trackers,4
16," NOW Foods Creatine Monohydrate 1500mg, 100 Tablets",1764,5.432218825,Top-rated fitness trackers,4
17," MET-Rx - 2.54 oz. Packets, 18-Count",1543,5.300444936,Top-rated fitness trackers,4
18, Hydrozyne (72 Capsules) the Most Powerful Natural Diuretic Available Without a Prescription,1282,5.187237943,Top-rated fitness trackers,4
19, Jay Robb Egg White Protein Strawberry 24oz,1356,5.170263836,Top-rated fitness trackers,4
20, Prevention WS-820PV Wrist Blood Pressure Monitor,2410,5.161891692,Top-rated fitness trackers,4
21," Chef Jays Tri-O-Plex Cookies, 12 packs of 2 cookies",509,5.051033447,Top-rated fitness trackers,3
22," PureFit Nutrition Bar, 2-Ounce Bars (Pack of 15)",2447,5.021341622,Top-rated fitness trackers,3
23, FatTrack GOLD Digital Body Fat Caliper with FREE MyoTape,968,4.995486746,Top-rated fitness trackers,3
24, Mark of Fitness MF-46 Auto-Inflate Digital Blood Pressure Monitor,1572,4.967819747,Top-rated fitness trackers,3
25, Adult Organic Energy Sports Chews,85,4.941417212,Top-rated fitness trackers,3
26, Nature's First Aid Skin Care 2 oz,1837,4.913129351,Top-rated fitness trackers,3
27, Biotone Dual Purpose Creme,302,4.895881851,Top-rated fitness trackers,3
28, Ultimate Nutrition DHEA,3036,4.863867042,Top-rated fitness trackers,3
29, Taylor 5596W Body Fat and Body Water Scale with Daily Caloric reference,2884,4.842755436,Top-rated fitness trackers,3
30, ADC AD1024 Nylon Medical Bag,61,4.840654351,Top-rated fitness trackers,3
31, Five-Pound Fat Replica,990,4.838555088,Top-rated fitness trackers,2
32, Nature's Way Rhodiola Rosea,1901,4.772326898,Top-rated fitness trackers,2
33," Met-Rx Drink Mix, Berry Blast 20 pack ( Multi-Pack)",1664,4.743918777,Top-rated fitness trackers,2
34, OneTouch UltraMini Glucose Monitoring System 1 ea,2122,4.717840979,Top-rated fitness trackers,2
35, MyoTape Body Tape Measure,1744,4.699792344,Top-rated fitness trackers,2
36, Back-Huggar&reg; The Original Lumbar Cushion (Bucket Style),228,4.674356443,Top-rated fitness trackers,2
37," Twinlab Fuel, Tablets - 200 ea",3020,4.666416297,Top-rated fitness trackers,2
38," Valeo Yoga Mat, Purple",3060,4.65485463,Top-rated fitness trackers,2
39, Harbinger Pro Thumb Loop WristWraps,1170,4.633589726,Top-rated fitness trackers,2
40, Acumen Eon Basix ES WP Womens Heart Rate Monitor,79,4.6030035,Top-rated fitness trackers,2
41," Thermotech Automatic Digital Moist Heating Pad Heating Pad, Beige",2951,4.524603128,Top-rated fitness trackers,1
42, EAS AdvantEdge Carb Control Nutrition Bar,858,4.512539646,Top-rated fitness trackers,1
43, Dymatize Nutrition Elite Whey Protein Powder,850,4.430118017,Top-rated fitness trackers,1
44, Creatine Micronized,629,4.317974902,Top-rated fitness trackers,1
45, HoMedics SC-560 Tri-Fitness HealthStation Body Composition Scanner,1241,4.301328142,Top-rated fitness trackers,1
46, Bodyblade with DVD and chart,329,4.278237155,Top-rated fitness trackers,1
47, Hair Wash Basin Inflatable Ez Shampoo For Disabled,1162,4.232791041,Top-rated fitness trackers,1
48, Gu GU Energy Gel- 24 Pack,1137,4.14255723,Top-rated fitness trackers,1
49," Champion Nutrition Pure Whey Protein Stack, 60 packet box",499,4.141563551,Top-rated fitness trackers,1
50, Big 100 Colossal Bar,280,4.038224548,Top-rated fitness trackers,1
1, Bioplex Nutrition Pure WPI Nutritional Shake,296,12.61929779,Organic protein powders,5
2, Dymatize Nutrition Elite Whey Protein Powder,850,12.58980814,Organic protein powders,5
3, Optimum Nutrition 100% Egg Protein,2129,12.54684607,Organic protein powders,5
4," Champion Nutrition Pure Whey Protein Stack, 60 packet box",499,12.52203463,Organic protein powders,5
5," Jay Robb Enterprises - Whey Vanilla 24oz, 24 oz powder",1357,12.51899148,Organic protein powders,5
6, BSN Syntha-6 Protein Powder,219,12.48563094,Organic protein powders,5
7, Jay Robb Egg White Protein Strawberry 24oz,1356,12.41540589,Organic protein powders,5
8, Champion Nutrition WHEY STACK BANANA 2.2LB,501,12.33981276,Organic protein powders,5
9," Designer Whey - Designer Whey Strawberry, 2 lb powder",709,12.3288076,Organic protein powders,5
10, Optimum Nutrition 100% Any Whey Instantized Whey Protein,2128,12.25341085,Organic protein powders,5
11," Labrada Nutrition Carb Watchers Lean Body Hi-Protein Meal Replacement Shake, 2.29-Ounce Packets (Pack of 20)",1439,12.11658882,Organic protein powders,4
12, Zero Carb Isopure,3197,12.10731279,Organic protein powders,4
13," Nutribiotic - Rice Protein Chocolate, 22.9oz.",2042,12.10547379,Organic protein powders,4
14, Jarrow Formulas Brown Rice Protein Chocolate Flavor,1339,12.03279249,Organic protein powders,4
15, 100% Whey Protein - All Natural,9,11.892162,Organic protein powders,4
16, Ultimate Nutrition Prostar Whey Strawberry,3038,11.87360217,Organic protein powders,4
17," Jay Robb Enterprises - Whey Vanilla Isolate, 12 oz powder",1358,11.86718243,Organic protein powders,4
18, MET Rx - Protein Plus - 2 lbs,1542,11.78867878,Organic protein powders,4
19, Twinlab 100% Whey Protein Fuel,3014,11.75238897,Organic protein powders,4
20," Syntrax Nectar Whey Protein Isolate, Powder",2862,11.67495169,Organic protein powders,4
21, Solgar - Whey To Go - Whey Protein Powder,2686,11.6290805,Organic protein powders,3
22, Beverly International Ultimate Muscle 2 lbs,278,11.54542563,Organic protein powders,3
23, NUTRIBIOTIC VEGAN RICE PROTEIN Vanilla 3 lb.,1783,11.53159918,Organic protein powders,3
24, CytoSport Complete Whey Protein,660,11.50476243,Organic protein powders,3
25, Optimum Nutrition 100% Whey Gold Standard,2130,11.47976711,Organic protein powders,3
26, CytoSport Muscle Milk Ready-to-Drink Shake,665,11.29522605,Organic protein powders,3
27, Now Foods WHEY PROTEIN,1998,11.26751529,Organic protein powders,3
28," 100% Whey, Vanilla 5 lb",11,11.26305627,Organic protein powders,3
29," 100% Whey, Chocolate Mint 5 lb",10,11.26305627,Organic protein powders,3
30, Optimum Nutrition 100% Whey Gold Standard Natural Whey,2131,11.26305627,Organic protein powders,3
31, Nature's Plus Spiru-Tein High Protein Energy Meal,1848,11.18506056,Organic protein powders,2
32," Bob's Red Mill Isolated Soy Protein Powder, 14-Ounce Packages (Pack of 4)",320,11.1686061,Organic protein powders,2
33," N Large Powder, 3.8 lb",1748,11.14145771,Organic protein powders,2
34, Next Nutrition - Designer Whey Protein - 5 lbs - Chocolate Peanut Caramel,1941,10.96701164,Organic protein powders,2
35, EAS AdvantEdge 100% Whey Protein,857,10.87313311,Organic protein powders,2
36, Real Gains,2485,10.78541851,Organic protein powders,2
37, DESIGNER WHEY Protein Supplement Powder,671,10.64993681,Organic protein powders,2
38, Optimum Pro-Complex Vanilla 2.2 lb,2140,10.5110106,Organic protein powders,2
39," Optimum Nutrition Pro Complex, 4.6 Pound",2138,10.5110106,Organic protein powders,2
40," Nature's Way Alive! Soy Shake, Apple Cinnamon, 1.3 Pound",1856,10.42536109,Organic protein powders,2
41," Alive! Soy Ultra-Shake Apple & Cinn, 2.2 lbs Powder",96,10.42536109,Organic protein powders,1
42, Greens Plus - Protein Bars - 12 Bars,1133,10.15605714,Organic protein powders,1
43, Source Naturals Spirulina Powder,2762,10.10567618,Organic protein powders,1
44, Complete Whole Food Health Optimizer Natural Flavor By Vega - 36.6 Ounces,596,10.08736175,Organic protein powders,1
45," Vitol 100% Egg Protein, 12 oz (340 g)",3089,10.00241784,Organic protein powders,1
46, Healthy 'n Fit Egg Protein 100%,1180,9.861716223,Organic protein powders,1
47, FitSmart Shake Old Fashioned Vanilla By Fiber 35 Diet - 1lb 7oz From Brenda Watson Fiber35,989,9.847948815,Organic protein powders,1
48, Natural Factors Whey Factors Chocolate,1814,9.655878625,Organic protein powders,1
49, Dymatize Nutrition ISO 100 Whey Protein Powder,851,9.654929708,Organic protein powders,1
50, Nature's Way Alive! Pea Shake,1855,9.615313713,Organic protein powders,1
1," ENTSOL Spray, Buffered Hypertonic Saline Nasal Spray - 100 ml",861,13.71065382,Effective allergy relief medications,5
2," Claritin Allergy 24 Hour Tablets, 10 mg",529,13.21962258,Effective allergy relief medications,5
3, Ortho Molecular Product Natural D-Hist -- 120 Capsules,2175,13.03935748,Effective allergy relief medications,5
4, Sinucleanse Sinucleanse Neti Pot All Natural Nasal Wash System Kit,2649,12.11573264,Effective allergy relief medications,5
5, NOW QUERCETIN with BROMELAIN - 120 Vcaps,1781,11.4274906,Effective allergy relief medications,5
6," Boiron - Sabadil, 60 tablets",332,11.30879608,Effective allergy relief medications,5
7, Sinus Buster Classic Formula by Sinus Buster - .68 Ounces,2650,11.26431297,Effective allergy relief medications,5
8, Biotene Dental Products Biotene Oralbalance Dry Mouth Moisturizer Gel,300,11.14787795,Effective allergy relief medications,5
9, Ridgecrest Herbal Clearlungs Red/Herbal,2533,11.11296455,Effective allergy relief medications,5
10, Nasalcrom Nasalcrom Nasal Allergy Symptom Controller Spray,1790,11.09651143,Effective allergy relief medications,5
11, Ancient Secrets Nasal Cleansing Pot,131,10.98829647,Effective allergy relief medications,4
12," GenTeal Severe Dry Eye Relief, Lubricant Eye Gel - .35 oz",1064,10.76593378,Effective allergy relief medications,4
13, Grossan Hydro Pulse Nasal and Sinus Irrigation System with the Original Grossan Sinus Tip,1136,10.66836147,Effective allergy relief medications,4
14," NeilMed's Sinus Rinse Pre-Mixed Packets, 100-Count Boxes (Pack of 2)",1923,10.37404726,Effective allergy relief medications,4
15, Original Himalayan Crystal Salt Inhaler,2171,10.18799842,Effective allergy relief medications,4
16, Mucinex Extended-Release Bi-Layer Tablets,1727,10.15171001,Effective allergy relief medications,4
17," NeilMed Sinus Rinse, Premixed 50 Sachets",1922,10.08068599,Effective allergy relief medications,4
18," Migra-Eeze&#0153;, Standardized Butterbur-Ginger-Riboflavin Formula, 60 softgels",1683,9.564062489,Effective allergy relief medications,4
19, Hylands Homeopathic Arnica Montana 30X 250 Tablets,1285,9.455660629,Effective allergy relief medications,4
20, Diphenhydramine HCI 50 Mg Allergy Medicine and Antihistamine 1000 caps,726,9.333345883,Effective allergy relief medications,4
21, Clemastine Fumarate 1.34Mg Antihistamine Tab 100each,545,9.326649858,Effective allergy relief medications,3
22, Irwin Naturals Ginko Smart,1326,9.109346351,Effective allergy relief medications,3
23, Source Naturals Activated Quercetin,2702,9.108610086,Effective allergy relief medications,3
24, Sinus Rinse Premixed Packets 100 Pkts,2651,9.092092477,Effective allergy relief medications,3
25, Heel Inc Traumeel,1192,9.037291805,Effective allergy relief medications,3
26, Vicks Personal Steam Inhaler,3074,8.974870736,Effective allergy relief medications,3
27, QBC PLEX Quercetin Bromelain Vitamin C Complex By Solaray - 120 Capsules,2449,8.838003519,Effective allergy relief medications,3
28," Yerba Prima Bentonite, Detox Pint, 16 Ounce",3182,8.606103495,Effective allergy relief medications,3
29, NatureWorks Swedish Bitters,1915,8.453416978,Effective allergy relief medications,3
30," Prilosec OTC Acid Reducer, Delayed-Release Tablets",2412,8.429782111,Effective allergy relief medications,3
31, Boswellia 400 mg 100 Caps - Swanson Premium,344,8.41978369,Effective allergy relief medications,2
32, Benzedrex Nasal Decongestant Inhaler (Pack of 3),275,8.417948749,Effective allergy relief medications,2
33," Seagate Olive Leaf Nasal Spray, 1 fl. oz.",2607,8.29376614,Effective allergy relief medications,2
34," Visine Tears Lubricant Eye Drops for Dry Eye Relief, 0.5 Ounce",3083,8.213740722,Effective allergy relief medications,2
35, Flexall 454 & Maximum Strength 454 Pain Relief,994,8.088096245,Effective allergy relief medications,2
36, Amazing Herbs Black Seed,112,8.079860699,Effective allergy relief medications,2
37, Oreganol - Oil of Wild Oregano,2166,8.058738029,Effective allergy relief medications,2
38," Simply Gargle Salt Water Rinse, 0.4-Ounce Ampules in 12-Count Boxes pack of 3",2647,8.057012409,Effective allergy relief medications,2
39," Nutribiotic - Gse Liquid Concentrate, 2 fl oz liquid",2040,7.948111597,Effective allergy relief medications,2
40," Benadryl Allergy Quick Dissolve Strips, Vanilla Mint For Allergy Relief - 10 ea",271,7.848267108,Effective allergy relief medications,2
41, Diphenhydramine HCl 25 Mg Allergy Medicine and Antihistamine Compare to Active Ingredient of Benadryl Allergy Generic - 400 Tablets,727,7.647823361,Effective allergy relief medications,1
42," Nutribiotic - Defense Plus Maximum Strength, 250 mg",2038,7.612157302,Effective allergy relief medications,1
43, Nose Better Nose Better Non-Greasy Aromatic Relief Gel,1969,7.578174494,Effective allergy relief medications,1
44, Jarrow Formulas MSM Sulfur,1349,7.404058834,Effective allergy relief medications,1
45, Doctors Best Best Serrapeptase,753,7.314918479,Effective allergy relief medications,1
46, Ponaris Ponaris Nasal Emollient,2356,7.2596907,Effective allergy relief medications,1
47, Blomdahl Silver Titanium Bezel Crystal Earrings,311,7.230894965,Effective allergy relief medications,1
48, Rohto Rohto Ice Redness Relief Eye Drops,2539,7.113131302,Effective allergy relief medications,1
49, Lobob Lobob Optimum Wetting And Rewetting Drops,1516,7.040208505,Effective allergy relief medications,1
50, Dulcolax Laxative Comfort Shaped Suppositories,792,7.038989141,Effective allergy relief medications,1
1, Nature's Way B-100 Complex,1858,10.39744208,release anxiety,5
2, Life Extension Vitamin B3 Niacin,1468,10.03519339,release anxiety,5
3, Source Naturals Theanine Serene with Relora,2765,9.707368957,release anxiety,5
4, Melatonin - Time Released (3mg),1642,9.429209799,release anxiety,5
5, Nature's Way 5-Htp 50 mg,1852,9.356644517,release anxiety,5
6," Source Naturals 5-HTP, 100mg",2699,9.19032163,release anxiety,5
7, MindPlace Proteus USB Light & Sound Meditation Mind Machine,1685,8.754841393,release anxiety,5
8, Stacker 3,2798,8.657232775,release anxiety,5
9, Hylands Hylands Calms Forte Sleep Aid,1287,8.288625584,release anxiety,5
10, Source Naturals Inositol/Choline 400mg/400mg,2725,7.605677183,release anxiety,5
11, NicoDerm CQ STEP 1 - 3 Week Kit - 21 Clear 21 mg Nicotine Patches,1947,7.208191307,release anxiety,4
12," Nature's Way Vitex Fruit 400mg, (Gelatin) Capsules",1913,6.932373176,release anxiety,4
13," Anxietol 7 (60 Capsules) Reduces Symptoms of Stress, Anxiety & Depression",144,6.844566667,release anxiety,4
14, Now Foods True Calm Amino Relaxer,1994,6.804818679,release anxiety,4
15," BioNeurix Seredyn Capsules, 60-Count",291,6.783322184,release anxiety,4
16, Source Naturals L-Theanine 200mg,2728,6.71727266,release anxiety,4
17, Enzymatic Therapy L-Theanine,929,6.703218483,release anxiety,4
18," Nature's Answer Passionflower Standardized, 60-Count",1832,6.655490859,release anxiety,4
19, L-Theanine 200 mg Suntheanine by Now Foods 60 Vegetarian Capsules,1429,6.566966934,release anxiety,4
20, Herb Pharm Passionflower,1197,6.561004165,release anxiety,4
21," Now Foods, Relora 300 mg",2017,6.524200326,release anxiety,3
22, Rescue Remedy (20ml vial),2527,6.416048339,release anxiety,3
23, Source Naturals St. John's Wort 300mg,2763,6.402943108,release anxiety,3
24, Swanson Premium Ashwagandha Powder 450 mg 100 Gelatin Caps,2851,6.400368724,release anxiety,3
25, Passion Flower 350 mg By Solaray - 100 Capsules,2264,6.394211404,release anxiety,3
26," NATURE'S WAY, Valerian Root - 180 caps",1752,6.379281713,release anxiety,3
27, Bach Rescue Remedy Spray 20 ml,226,6.35180065,release anxiety,3
28," Now Foods, 5-HTP 100 mg Vegetarian",2000,6.342453257,release anxiety,3
29," Cardiovascular Research - Magnesium Taurate, 125 mg, 60 capsules",453,6.34081297,release anxiety,3
30," L-Theanine Calm-Plex with GABA and 5-HTP (Suntheanine&reg;) (100 mg, 60 medium capsules)",1430,6.336744612,release anxiety,3
31, Source Naturals Theanine Serene,2764,6.332857916,release anxiety,2
32, New Chapter Supercritical Holy Basil,1936,6.3170283,release anxiety,2
33," Now Foods, Kava Kava 250 mg",2009,6.274321724,release anxiety,2
34, Jarrow Formulas Inositol,1344,6.273481328,release anxiety,2
35, NOW Foods 5-htp,1759,6.263794346,release anxiety,2
36, Source Naturals L-Tryptophan 500mg,2729,6.240406793,release anxiety,2
37, Natural Calm Natural Vitality,1807,6.209817138,release anxiety,2
38, Natural Balance Happy Camper,1805,6.175676523,release anxiety,2
39," Relacore- Stress-Related Abdominal Obesity Supplement,110 caps",2494,6.096942223,release anxiety,2
40, 5-HTP 200 mg - 60 Vcaps,45,6.086766672,release anxiety,2
41," Source Naturals GABA Calm, Orange",2717,6.063168682,release anxiety,1
42, Kira St Johns Wort Tablets - 45 Tablets,1405,6.05922271,release anxiety,1
43, Source Naturals Hot Flash,2721,6.056359247,release anxiety,1
44, Gaba 500 mg 100 Caps,1050,6.027253707,release anxiety,1
45, The Journey to Wild Divine Biofeedback Software & Hardware for PC & Mac,2913,6.016629813,release anxiety,1
46," Cardiovascular Research - Magnesium Taurate, 125 mg, 180 capsules",452,5.941745102,release anxiety,1
47, Mucinex Extended-Release Bi-Layer Tablets,1727,5.925971003,release anxiety,1
48, Pivotal Therapy - Choose,2342,5.914215929,release anxiety,1
49, SERIPHOS - 100 - Capsule,2560,5.910114401,release anxiety,1
50, Jarrow Formulas EPA-DHA Balance,1342,5.901937605,release anxiety,1
1, Garden of Life Primal Defense Ultra Ultimate Probiotics Formula,1057,17.26191697,Recommended probiotics for gut health,5
2, Digestive Advantage - Daily Probiotic,718,16.88851522,Recommended probiotics for gut health,5
3, THORNE RESEARCH - Bacillus Coagulans (formerly Lactobacillus Sporogenes) - 60's,2865,16.54494724,Recommended probiotics for gut health,5
4, Garden of Life Primal Defense,1056,15.95308143,Recommended probiotics for gut health,5
5, Kyolic Kyo-Dophilus,1423,15.75390414,Recommended probiotics for gut health,5
6, Enzymatic Therapy Acidophilus Pearls,923,15.40605056,Recommended probiotics for gut health,5
7," Florastor - 50 count, 250mg",999,15.23776236,Recommended probiotics for gut health,5
8," ReNew Life Ultimate Flora Critical Care 50 Billion, Vegetable Capsules",2483,14.93600273,Recommended probiotics for gut health,5
9, Ortho Molecular Product Ortho Biotic -- 60 Capsules,2176,14.56946585,Recommended probiotics for gut health,5
10, Healthy Trinity (Dairy-free) by Natren - 60 Capsules Probiotics,1181,14.48809961,Recommended probiotics for gut health,5
11, Natures Way Primadophilus,1916,14.21322426,Recommended probiotics for gut health,4
12, Thorne Research - Formula SF722 250 Capsules,2955,13.6409908,Recommended probiotics for gut health,4
13, Culturelle Culturelle Probiotic,651,13.35238124,Recommended probiotics for gut health,4
14," Threelac Probiotic Dietary Supplement, Natural Lemon Flavor, Includes 60 .053-Ounce Packets",2956,13.21961591,Recommended probiotics for gut health,4
15, Jarrow Formulas Jarro-dophilus + Eps,1345,12.79153156,Recommended probiotics for gut health,4
16," Garden of Life Super Seed Beyond Fiber, 600-Grams",1058,11.94683864,Recommended probiotics for gut health,4
17, NOW Foods Super Enzymes,1774,11.22844881,Recommended probiotics for gut health,4
18," Digestive Advantage Daily Dietary Management of Crohn's & Colitis Caplets, 32-Count Boxes (Pack of 2)",719,11.22605549,Recommended probiotics for gut health,4
19, NOW CANDIDA CLEAR Vegetarian Capsules,1756,11.00127164,Recommended probiotics for gut health,4
20, Probiotic Defense by Now Foods 90 Vegetarian Capsules,2434,10.19754828,Recommended probiotics for gut health,4
21," Global Health Trax Fivelac, .053 Ounce Packets 60-Count",1107,10.04868924,Recommended probiotics for gut health,3
22, Pure Essence Candex,2443,9.97383796,Recommended probiotics for gut health,3
23, PB 8,2199,9.890371661,Recommended probiotics for gut health,3
24," Source Naturals Daily Essential Enzymes, 500mg",2714,9.813263147,Recommended probiotics for gut health,3
25," Metamucil Fiber Supplement, Clear & Natural",1666,9.775428918,Recommended probiotics for gut health,3
26, Renew Life CandiZyme,2525,9.726790684,Recommended probiotics for gut health,3
27, Rainbow Light Just Once Prenatal One Multivitamin,2469,9.535815128,Recommended probiotics for gut health,3
28, Source Naturals L-Theanine 200mg,2728,9.465766615,Recommended probiotics for gut health,3
29, Primadophilus Children by Nature's Way 5 Ounces,2413,9.206697301,Recommended probiotics for gut health,3
30, Heather's Tummy Tea Fennel Tea Bags for Irritable Bowel Syndrome ~ Heather's Tummy Teas Organic Fennel Teabags (45 Jumbo Teabags),1188,9.141155845,Recommended probiotics for gut health,3
31, VIBRANT HEALTH Green Vibrance Powder,3057,8.915675989,Recommended probiotics for gut health,2
32, George's Aloe Vera Aloe Vera Liquid,1070,8.687393287,Recommended probiotics for gut health,2
33, One a Day women's multi vitamin 250 tablets,2118,8.57536102,Recommended probiotics for gut health,2
34, Nutrition Now Pb 8 Acidophilus,2044,8.481620415,Recommended probiotics for gut health,2
35," Accuflora- Probiotic Acidophilus Dietary Supplement, 240 Caplets",72,8.464904315,Recommended probiotics for gut health,2
36, Perfect Food - Super Green Formula,2275,8.408855402,Recommended probiotics for gut health,2
37," Nutribiotic - Gse Liquid Concentrate, 2 fl oz liquid",2040,8.340358609,Recommended probiotics for gut health,2
38," Digestive Advantage Intensive Bowel Support, 96 Counts Capsules",721,8.308452609,Recommended probiotics for gut health,2
39, Natural Factors DGL Licorice Root Extract,1810,8.079351847,Recommended probiotics for gut health,2
40, Symbiotics Colostrum Plus Powder,2861,8.041769767,Recommended probiotics for gut health,2
41, Jarrow Formulas L-Glutamine Powder,1348,7.915513774,Recommended probiotics for gut health,1
42, AIM Herbal Fiberblend Raspberry Powder,68,7.736337092,Recommended probiotics for gut health,1
43," Seagate Olive Leaf Nasal Spray, 1 fl. oz.",2607,7.454794149,Recommended probiotics for gut health,1
44, Living Multi Optimal Formula,1510,7.428924826,Recommended probiotics for gut health,1
45, Source Naturals L-Glutamine Powder,2727,7.316468208,Recommended probiotics for gut health,1
46, Super Colon Cleanse with Herbs & Acidophilus By Health Plus - 240 Capsules,2838,7.269502529,Recommended probiotics for gut health,1
47, Heather's Tummy Fiber POUCH Organic Acacia 16 oz. for Irritable Bowel Syndrome,1187,7.260786896,Recommended probiotics for gut health,1
48," Source Naturals DIM (Diindolylmethane) 100mg, 120 Tablets",2713,7.179067562,Recommended probiotics for gut health,1
49, Probios Dispersable Powder,2433,7.062939515,Recommended probiotics for gut health,1
50, L-Arginine Powder by Now Foods 1 lb.,1426,6.876843722,Recommended probiotics for gut health,1
1, Aura Cacia - Lavender Essential Oil,175,10.98284786,Essential oils for stress relief,5
2, Source Naturals Calcium D-Glucarate 500mg,2708,9.064915333,Essential oils for stress relief,5
3, Ponaris Ponaris Nasal Emollient,2356,8.368811624,Essential oils for stress relief,5
4, Quantum Super Lysine Plus+,2453,8.234785707,Essential oils for stress relief,5
5, NOW Foods Tea Tree Oil,1775,7.798300957,Essential oils for stress relief,5
6, Irwin Naturals Women's Living Green Liquid-Gel Multi,1328,7.765811081,Essential oils for stress relief,5
7, NOW Foods Lavender Oil,1767,7.567401013,Essential oils for stress relief,5
8, Now Foods Organic Macadamia Oil Pure,1987,7.288836509,Essential oils for stress relief,5
9, Now Foods Lemon Oil,1981,7.224545342,Essential oils for stress relief,5
10, Ginseng Vitality Tea 16 Bags,1096,7.18623114,Essential oils for stress relief,5
11, Nature's Answer Liquid Omega 3 Deep Sea Fish Oil Epa/dha,1830,7.167422547,Essential oils for stress relief,4
12, Now Foods Vitamin A 25000 IU,1997,7.129964487,Essential oils for stress relief,4
13, Herb Pharm Lemon Balm Extract,1196,7.080159391,Essential oils for stress relief,4
14, Adovia Acne Soap - All Natural Acne Relief (From Dead Sea Mineral Mud),83,7.040556437,Essential oils for stress relief,4
15, Thunder Ridge Emu Products Emu Oil 16 oz,2957,6.879329729,Essential oils for stress relief,4
16," Sombra Cool Therapy Natural Pain Relieving Gel Roll On, 3-Ounce",2688,6.826164342,Essential oils for stress relief,4
17, Source Naturals L-Theanine 200mg,2728,6.735303365,Essential oils for stress relief,4
18," FLA Orthopedics Soft Form Posture Control Brace, Beige",958,6.699709046,Essential oils for stress relief,4
19, Tecnu Poison Ivy Scrub by Tecnu,2891,6.691800204,Essential oils for stress relief,4
20," Now Foods, Relora 300 mg",2017,6.689875161,Essential oils for stress relief,4
21, Tei fu Essential Oils (0.17 FL OZ),2892,6.689755793,Essential oils for stress relief,3
22," Source Naturals Relora, 250mg",2754,6.611499594,Essential oils for stress relief,3
23, PONARIS NASAL EMOLLIENT Size,2201,6.61111323,Essential oils for stress relief,3
24, Rescue Remedy 20 Milliliters,2528,6.603213058,Essential oils for stress relief,3
25, NOW Foods Jojoba Oil Pure,1766,6.536189529,Essential oils for stress relief,3
26, NOW Foods Peppermint Oil,1772,6.529206828,Essential oils for stress relief,3
27, Now Foods M.S.M,1982,6.526723622,Essential oils for stress relief,3
28, Aura Cacia Aromatherapy Mist,176,6.373680057,Essential oils for stress relief,3
29, Kinesio Tex Tape,1403,6.35270661,Essential oils for stress relief,3
30, Essential Oil Home Aromatherapy Sampler Set- 6/10 ml.,938,6.351683461,Essential oils for stress relief,3
31, Heritage Products Castor Oil,1211,6.342176419,Essential oils for stress relief,2
32, Pearlessence Spa Mist,2265,6.328770361,Essential oils for stress relief,2
33, Carlson Labs Norwegian Cod Liver Oil,468,6.300083968,Essential oils for stress relief,2
34, Essential Oil Carrying Case Presentation Portfolio,937,6.288123451,Essential oils for stress relief,2
35, Now Foods Orange Oil,1985,6.259228211,Essential oils for stress relief,2
36, Natural Selection Bath and Body's 1/3 oz Fragrance Oil,1818,6.226231963,Essential oils for stress relief,2
37, Handstands Cyber Gel Squeeze Ball - Colors may vary,1167,6.216952867,Essential oils for stress relief,2
38, Nature's Secret Candistroy (2-60 Tablets),1849,6.216257019,Essential oils for stress relief,2
39," Relacore- Stress-Related Abdominal Obesity Supplement,110 caps",2494,6.208114713,Essential oils for stress relief,2
40, Dr. Bronner'S Organic Bar Soaps Pure Castile,764,6.204630522,Essential oils for stress relief,2
41, Foot Baths - heated foot bath,1014,6.181066398,Essential oils for stress relief,1
42, Trigger Point Ultimate Six Kit,2988,6.171944522,Essential oils for stress relief,1
43, New Chapter Supercritical Holy Basil,1936,6.088875562,Essential oils for stress relief,1
44, Nature's Answer White Willow,1834,6.071242166,Essential oils for stress relief,1
45, Source Naturals Theanine Serene with Relora,2765,6.06916437,Essential oils for stress relief,1
46, Africa's Best Ultimate Herbal Oil 8 oz.,89,6.054455778,Essential oils for stress relief,1
47, Surya Henna Henna Cream Light Brown,2848,6.043991489,Essential oils for stress relief,1
48, L-Theanine 200 mg Suntheanine by Now Foods 60 Vegetarian Capsules,1429,6.034232788,Essential oils for stress relief,1
49, Jarrow Formulas Coconut Oil 100% Organic Extra Virgin,1340,6.033033378,Essential oils for stress relief,1
50, Dermalogica Special Cleansing Gel (select option/size),705,6.024713567,Essential oils for stress relief,1
1, Vanicream Lip Protectant SPF 30 - 0.35 oz,3062,13.11815679,Top-rated sunscreen for sensitive skin,5
2, Avon SKIN-SO-SOFT Bug Guard PLUS IR3535&reg; Insect Repellent Moisturizing Lotion - Clearance SPF 30 Gentle Breeze,191,12.61329251,Top-rated sunscreen for sensitive skin,5
3, Rit Sun Guard Laundry Treatment UV Protectant - si,2536,12.01941642,Top-rated sunscreen for sensitive skin,5
4, Aubrey Organics,173,11.20552459,Top-rated sunscreen for sensitive skin,5
5, NeoCutis Bio-Cream - Bio-Restorative Skin Cream with PSP,1924,10.96082003,Top-rated sunscreen for sensitive skin,5
6, Source Naturals Skin Eternal Cream,2757,10.38592002,Top-rated sunscreen for sensitive skin,5
7, Black Opal Dual Complex Fade Gel .9 oz.,307,10.12029427,Top-rated sunscreen for sensitive skin,5
8, Ambi Fade Cream Normal 2 oz.,116,10.10485681,Top-rated sunscreen for sensitive skin,5
9," Blistex DCT, .25-Ounce Pots (Pack of 12)",310,9.772332503,Top-rated sunscreen for sensitive skin,5
10," Burt's Bees Repair Serum, 1-Ounce Bottle",414,9.723771011,Top-rated sunscreen for sensitive skin,5
11, Burt's Bees Beeswax Lip Balm Tin 0.30 Oz,412,9.372745499,Top-rated sunscreen for sensitive skin,4
12, Burt's Bees Beeswax Lip Balm Tin,411,9.372745499,Top-rated sunscreen for sensitive skin,4
13, Johnson's Soothing Naturals Soothe & Protect Balm - 0.5 Oz,1386,9.328756729,Top-rated sunscreen for sensitive skin,4
14, Herpecin L,1215,9.27294413,Top-rated sunscreen for sensitive skin,4
15," Dr. Blaine's ScarCare Gel Pad, 1-Count Boxes",762,9.228787566,Top-rated sunscreen for sensitive skin,4
16, Grandpa's Brands Company Pine Tar Soap,1122,8.961506199,Top-rated sunscreen for sensitive skin,4
17, Thylox Medicated Soap - 3.25 oz. - Bar,2958,8.896458756,Top-rated sunscreen for sensitive skin,4
18, NOW Foods Calcium/magnesium 1000/500 mg,1762,8.870604751,Top-rated sunscreen for sensitive skin,4
19, Reviva Alpha Lipoic Acid,2531,8.684197318,Top-rated sunscreen for sensitive skin,4
20, Neutrogena Advanced Solutions At Home MicroDermabrasion System,1928,8.668736101,Top-rated sunscreen for sensitive skin,4
21, Badger Healing Balm,233,8.609020941,Top-rated sunscreen for sensitive skin,3
22, Derma e Peptides Plus Creme,700,8.320135758,Top-rated sunscreen for sensitive skin,3
23, Derma e Microdermabrasion Scrub,699,8.282612683,Top-rated sunscreen for sensitive skin,3
24," Neutrogena Norwegian Formula Lip Moisturizer, SPF 15, 0.15 Ounce",1931,8.008479153,Top-rated sunscreen for sensitive skin,3
25," Water Jel Burn Jel, Pain Relief 25 ea",3124,7.90169389,Top-rated sunscreen for sensitive skin,3
26, Olympian Labs Grape Seed Extract,2092,7.30564227,Top-rated sunscreen for sensitive skin,3
27, Alba Botanica Body Wash,92,7.14811345,Top-rated sunscreen for sensitive skin,3
28, Aloe life Skin Gel - 8 oz - Liquid,109,7.058757058,Top-rated sunscreen for sensitive skin,3
29, Laura Mercier Tinted Moisturizer - Oil Free,1451,6.915863501,Top-rated sunscreen for sensitive skin,3
30, Cutter Advanced 6-Ounce 7-Percent Picaridin Insect Repellent Pump Spray,656,6.899107307,Top-rated sunscreen for sensitive skin,3
31, Makari Oralight,1567,6.302490414,Top-rated sunscreen for sensitive skin,2
32, Labello Classic Lip Balm 5 g stick,1438,6.280975557,Top-rated sunscreen for sensitive skin,2
33, NOW Foods Tea Tree Oil,1775,5.85496903,Top-rated sunscreen for sensitive skin,2
34, Foot Creme,1015,5.768211393,Top-rated sunscreen for sensitive skin,2
35, Burts Beeswax Lip Balm - 0.15 oz,415,5.225077548,Top-rated sunscreen for sensitive skin,2
36," First Aid Only Outdoor First Aid Kit, Soft Case, 205-Piece Kit",983,5.057926406,Top-rated sunscreen for sensitive skin,2
37, NatureWorks Swedish Bitters,1915,4.575734187,Top-rated sunscreen for sensitive skin,2
38, Eucerin Eucerin Q10 Anti-Wrinkle Sensitive Skin Creme,942,4.220379721,Top-rated sunscreen for sensitive skin,2
39, Jarrow Formulas Coconut Oil 100% Organic Extra Virgin,1340,4.186310355,Top-rated sunscreen for sensitive skin,2
40," BIC Single Blade Shaver, Sensitive, 12-Count (Pack of 12)",203,4.164448679,Top-rated sunscreen for sensitive skin,2
41, Mustela Dermo-cleansing,1741,4.110666143,Top-rated sunscreen for sensitive skin,1
42, Kiss My Face Soap Oz Bar Soap,1408,4.104815748,Top-rated sunscreen for sensitive skin,1
43, Derma e Pycnogenol Cream with Vitamins C E & A,701,4.088428052,Top-rated sunscreen for sensitive skin,1
44," Nivea for Men Sensitive After Shave Extra Soothing Balm, 3.3-Ounce Bottles (Pack of 4)",1954,4.087786653,Top-rated sunscreen for sensitive skin,1
45, Proraso Proraso Liquid Cream After-Shave 3.4oz,2439,4.023816151,Top-rated sunscreen for sensitive skin,1
46, Hypafix Dressing Retention Tape,1291,4.017479893,Top-rated sunscreen for sensitive skin,1
47, Aloe Vera Deodorant Stick by Jason 2.5 Ounces,106,4.002296373,Top-rated sunscreen for sensitive skin,1
48, Mustela 2 in 1 Hair & Body Shampoo,1740,3.991870923,Top-rated sunscreen for sensitive skin,1
49, THERANEEM MAX CLEANSING BAR,2864,3.949072105,Top-rated sunscreen for sensitive skin,1
50," Planet Ultra Liquid Laundry Detergent, 100 Fluid-Ounce Bottles (Pack of 4)",2345,3.93678301,Top-rated sunscreen for sensitive skin,1
1, EAS AdvantEdge Carb Control Nutrition Bar,858,11.46140274,Healthy snacks for weight loss,5
2," SlimFast Shake Mix, 12.83-Ounce (Pack of 3)",2660,10.88378694,Healthy snacks for weight loss,5
3, Bioplex Nutrition Pure WPI Nutritional Shake,296,10.87523925,Healthy snacks for weight loss,5
4," Slim Fast Chocolate Royale Shake Mix Powder, 31.18 oz",2657,10.61079229,Healthy snacks for weight loss,5
5, One-Pound Fat Replica 1Lb Fat Model Replica,2121,10.39998638,Healthy snacks for weight loss,5
6, Natrol Tonalin CLA 1200mg,1803,10.30272803,Healthy snacks for weight loss,5
7, Almased Almased Multi Protein Powder,105,9.779992787,Healthy snacks for weight loss,5
8," ExtendBar, Peanut Butter Chocolate Delight, 1.41-Ounce Bars (Pack of 15)",951,9.278314101,Healthy snacks for weight loss,5
9, Twinlab Ripped Fuel,3023,9.25711297,Healthy snacks for weight loss,5
10," Alli Weight-Loss Aid, Orlistat 60mg Capsules, Starter Pack",104,9.22271697,Healthy snacks for weight loss,5
11," Now Foods, Relora 300 mg",2017,9.089701563,Healthy snacks for weight loss,4
12, Atkins Endulge Bars,170,8.698683522,Healthy snacks for weight loss,4
13, Herbalife Formula 1 Nutritional Shake Mix,1205,8.681806825,Healthy snacks for weight loss,4
14, Herbalife Formula 1 Nutritional Shake Mix (550g) - Cookies n Cream,1206,8.681806825,Healthy snacks for weight loss,4
15, Lipovarin 150 Caps Thermogenic Weight Loss Diet Pill,1497,8.638804338,Healthy snacks for weight loss,4
16, Detour Deluxe Whey Protein Energy Bar,711,8.547966744,Healthy snacks for weight loss,4
17," CarbRite Bar, 12 bars",450,8.368996952,Healthy snacks for weight loss,4
18, Now Foods Virgin Coconut Oil,1996,8.353306936,Healthy snacks for weight loss,4
19, Baby Jogger Cooler Bag,223,8.324512366,Healthy snacks for weight loss,4
20, Carb Solutions High Protein Shake Mix for Low Carb Diets,449,8.318739894,Healthy snacks for weight loss,4
21, Power Pops Weight Loss Lollipops with Hoodia by Fun Unlimited Inc. - 30 Count,2363,8.260945384,Healthy snacks for weight loss,3
22," Alli Weight-Loss Aid, Orlistat 60mg Capsules Refill Pack",102,7.957937012,Healthy snacks for weight loss,3
23, Big 100 Colossal Bar,280,7.902971477,Healthy snacks for weight loss,3
24, Dymatize Nutrition ISO 100 Whey Protein Powder,851,7.48563182,Healthy snacks for weight loss,3
25," Stalkmarket 7-Ounce Bowls, 600-Count Case",2800,7.258253226,Healthy snacks for weight loss,3
26," Labrada Nutrition Lean Body for Her Meal Replacement Shake, 1.7-Ounce Packets (Pack of 20)",1440,7.047455265,Healthy snacks for weight loss,3
27, Spirulina Natural by Earthrise,2789,6.983161718,Healthy snacks for weight loss,3
28," Duro-Med Universal Walker Carry-All Pouch, Blue Denim",844,6.981478768,Healthy snacks for weight loss,3
29, Clif Bar - 12 Pack,552,6.96833245,Healthy snacks for weight loss,3
30, Fruit and Veggie Bowl with Removable Ice Pack,1024,6.923031494,Healthy snacks for weight loss,3
31, Met-Rx Protein Plus Bars 12 ea,1665,6.910143066,Healthy snacks for weight loss,2
32, 3 Week Rapid Weight Loss System-Lipovarin-Thyrotril-Aquadrene,22,6.823316438,Healthy snacks for weight loss,2
33," Kashi-Go Lean Crunchy, 24 ct Variety Pack",1396,6.82203464,Healthy snacks for weight loss,2
34," BISSELL Sturdy Sweep Sweeper, 2402B",209,6.778831464,Healthy snacks for weight loss,2
35," PowerBar Harvest Whole Grain Energy Bar, 2.29-Ounce Bars (Pack of 15)",2366,6.754561691,Healthy snacks for weight loss,2
36, Lipovarin - Sterling Grant 90 Caps,1496,6.737924857,Healthy snacks for weight loss,2
37," Duro-Med Wheel Chair Back Pack, Black",848,6.682512047,Healthy snacks for weight loss,2
38, Thyrotril 90 Caps Metabolism Thyroid Sterling Grant,2960,6.604387048,Healthy snacks for weight loss,2
39, Weight Loss with Hypnosis CD,3139,6.58679784,Healthy snacks for weight loss,2
40, Zyroxin (120 Caps) - Next Generation Weight Loss Pill!,3217,6.541952881,Healthy snacks for weight loss,2
41, MRM CLA Hi Potency 80%,1551,6.514934928,Healthy snacks for weight loss,1
42," Alli Weight-Loss Aid, Orlistat 60mg Capsules, 150-Count Starter Pack",103,6.498575011,Healthy snacks for weight loss,1
43, Aerobic Pedal Exerciser - Use for Arms & Legs,88,6.492940358,Healthy snacks for weight loss,1
44, Ziploc Container (Pack of 2),3209,6.465102287,Healthy snacks for weight loss,1
45, Green Tea 500 mg 100 Caps,1130,6.435316578,Healthy snacks for weight loss,1
46," Omron HBF-306C Fat Loss Monitor, Black",2100,6.431890561,Healthy snacks for weight loss,1
47, Stacker 3,2798,6.388547619,Healthy snacks for weight loss,1
48, Clif Bar Energy Bars,555,6.350140124,Healthy snacks for weight loss,1
49," Clif Bar Energy Bar, Variety Pack of Crunchy Peanut Butter, Chocolate Chip Peanut Crunch, and Oatmeal Raisin Walnut, 2.4-Ounce Bars, Pack of 24",554,6.347084924,Healthy snacks for weight loss,1
50, Mega Green Tea Extract (Decaffeinated),1638,6.33092778,Healthy snacks for weight loss,1
1, Nature's Way Devil's Claw,1870,11.46447496,Natural remedies for joint pain,5
2, Source Naturals Inflama-Rest,2724,11.39714471,Natural remedies for joint pain,5
3, H.A. Joint Formula by Purity Products - 90 Capsules [Health and Beauty],1145,10.77902199,Natural remedies for joint pain,5
4, Heel Inc Traumeel,1192,10.62152794,Natural remedies for joint pain,5
5, Doctors Best Best Serrapeptase,753,9.789377235,Natural remedies for joint pain,5
6, Triflora Arthritis Gel 2.75 Ounces,2986,9.514290602,Natural remedies for joint pain,5
7, Boericke & Tafel Boericke & Tafel Arniflora Arnica Muscle Pain And Stiffness Gel,330,9.188861312,Natural remedies for joint pain,5
8, Jarrow Formulas Curcumin 95,1341,9.102364288,Natural remedies for joint pain,5
9, Boiron Arnica (Arnicare) Gel,333,8.869624517,Natural remedies for joint pain,5
10, CryoDerm Analgesic Cryotherapy 3.0 oz Roll On - Pain Relief,644,8.773268053,Natural remedies for joint pain,5
11, Nature's Way Feverfew,1878,8.601516096,Natural remedies for joint pain,4
12, American Biosciences (Immpower) DGP Dog Gone Pain Mobility & Flex for dogs,120,8.439807757,Natural remedies for joint pain,4
13," Now Foods, Super Primrose 1300 mg",2022,7.992394608,Natural remedies for joint pain,4
14, NatureWorks Swedish Bitters,1915,7.991212142,Natural remedies for joint pain,4
15, Source Naturals Cherry Fruit Extract 500mg,2709,7.87264857,Natural remedies for joint pain,4
16, Heel Traumeel Homeopathic Ointment,1193,7.80190048,Natural remedies for joint pain,4
17, Source Naturals Fibro-Response,2716,7.714190006,Natural remedies for joint pain,4
18," Drinkables Ultimate Liquid Joint Care, Natural Citrus, 33 Ounces",780,7.600573053,Natural remedies for joint pain,4
19, FLEXCIN W/CM8 JOINT HEALTH & MOBILITY SOLUTION 90 CAPS,960,7.553629177,Natural remedies for joint pain,4
20, Nutramax Labs Nutramax Labs Cosamin Ds Exclusive Formula Joint Health Supplement,2034,7.511681827,Natural remedies for joint pain,4
21, New Serola Sacroiliac Belt,1939,7.435287506,Natural remedies for joint pain,3
22," Doctor's Best - Glucosamine/Chondroitin/Msm,",748,7.431881236,Natural remedies for joint pain,3
23, Source Naturals Hyaluronic Joint Complex,2723,7.427632195,Natural remedies for joint pain,3
24, Cellaplex (120 Caps) Extra Strength Bone & Joint Support Formula w/ CM8,487,7.42620938,Natural remedies for joint pain,3
25, Wellesse Joint Movement Glucosamine With Chondroitin and Msm 33.8 fl oz (1000,3150,7.36068803,Natural remedies for joint pain,3
26, Osteo Bi-Flex Osteo Bi-Flex Advanced Triple Strength Formula,2180,7.219899516,Natural remedies for joint pain,3
27, Source Naturals Vegetarian Glucosamine 750mg,2770,7.180850253,Natural remedies for joint pain,3
28, Nutramax Labs Nutramax Labs Cosamin Ds Joint Health Supplement,2035,7.141375486,Natural remedies for joint pain,3
29, 3-in-1 Joint Formula,23,7.087949488,Natural remedies for joint pain,3
30, Glucosamine Plus MSM,1112,7.048193824,Natural remedies for joint pain,3
31, Dr Frank's Joint & Muscle Pain Relief Oral Spray As Seen on Tv,759,7.044057936,Natural remedies for joint pain,2
32, Hylands Kids Kit,1288,7.039819317,Natural remedies for joint pain,2
33, Jarrow Formulas MSM Sulfur,1349,7.033318529,Natural remedies for joint pain,2
34, Light Relief 90LR15LR01 Infrared Pain Relief Device,1489,6.984570434,Natural remedies for joint pain,2
35, ColdCalm by Boiron - 60 Tablets,579,6.98000119,Natural remedies for joint pain,2
36, Nature's Way MSM 1000mg,1888,6.967697797,Natural remedies for joint pain,2
37, Source Naturals Hyaluronic Acid 100mg,2722,6.957768184,Natural remedies for joint pain,2
38, Nature's Way Glucosamine Chondroitin,1882,6.930757655,Natural remedies for joint pain,2
39, PediFix Nightime Bunion Regulator,2267,6.928258798,Natural remedies for joint pain,2
40, Now Foods Glucosamine & Chondroitin with MSM,1977,6.874230146,Natural remedies for joint pain,2
41, Natrol (incl Laci Le Beau Teas) MSM,1799,6.819445586,Natural remedies for joint pain,1
42, Nature's Way Horsetail Grass,1885,6.806801181,Natural remedies for joint pain,1
43," Osteo Bi-Flex NutraJoint Plus Glucosamine Drink Mix, Maximum Strength Formula, Unflavored, 13.86 Ounces",2179,6.796975791,Natural remedies for joint pain,1
44," Nature Made TripleFlex, Caplets",1829,6.776192798,Natural remedies for joint pain,1
45, SCHIFF MOVE FREE ADVANCED 140 TABLETS JOINT GLUCOSAMINE,2557,6.759777205,Natural remedies for joint pain,1
46, Futuro Deluxe Thumb Stabilizer (Pack of 2),1031,6.728875315,Natural remedies for joint pain,1
47, Osteo Bi-Flex Triple Strength - 180 Caplets (Mega Size),2181,6.727227094,Natural remedies for joint pain,1
48," Trigosamine Jointcare Supplement, Maximum Strength Caplets, 90-Count Bottle ""Now with Vitamin-D""",2989,6.725986395,Natural remedies for joint pain,1
49, Ginger Root By Nature's Way 550 Mg,1095,6.716802999,Natural remedies for joint pain,1
50, NOW HYALURONIC ACID Double Strength - 100 MG - 60 Vcaps,1778,6.70055009,Natural remedies for joint pain,1
